Дата покупки,Код товара,Махсулот,Имейка,Таннарх,Поставщик,Коробка,Ёмкость батареи,Память,Бренд,Состояние,Цвет
8.2.26,T0303,1) 16 Pro Max,357583478838034,"1 080,000",Odil Trade in mobile,,,256 GB,Apple,B/U,Gold
7.2.26,T0285,1) 16 Pro,351817726315494,930,Odil Trade in mobile,,,256 GB,Apple,B/U,Space Black
6.2.26,T0229,1) 15 Pro Max,358759854423844,780,Odil Trade in mobile,,,256 GB,Apple,B/U,Black Titanium
6.2.26,T0233,1) 15 Pro Max,354773163254315,830,Odil Trade in mobile,,,512 GB,Apple,NEW,Black Titanium
6.2.26,T0177,1) 14 Pro Max,359761976201628,500,Trade-in,,,128 GB,Apple,B/U,Space Black
5.2.26,T0232,1) 15 Pro Max,350091872537571,780,Odil Trade in mobile,,,256 GB,Apple,B/U,Natural Titanium
2.2.26,T0315,1) 15 Pro,350623503192754,550,Trade-in,,,128 GB,Apple,B/U,Natural Titanium
31.1.26,T0569,1) 17 Pro Max,351372778844603,"1 580,000",Jamol aka B30,,,256 GB,,NEW,White Titanium
31.1.26,T0232,1) 15 Pro Max,358560157658478,500,Trade-in,,,256 GB,Apple,B/U,Natural Titanium
31.1.26,T0303,1) 16 Pro Max,353324833034231,850,Trade-in,,,256 GB,Apple,B/U,Gold
31.1.26,T0520,2) Iwatch SE Gen 2,L79RTHK9F5,50,Trade-in,,,64 GB,,NEW,Midnight
28.1.26,T0586,1) 17 PRO,359637822962466,"1 480,000",Odil Trade in mobile,,,256 GB,,NEW,White
27.1.26,T0564,1) 17 pro max,351038931079185,"1 530,000",Odil Trade in mobile,,,256 GB,,B/U,Natural Titanium
27.1.26,T0229,1) 15 Pro Max,358472387459679,650,Trade-in,,,256 GB,Apple,B/U,Black Titanium
26.1.26,T0179,1) 14 Pro Max,3529944534482987,690,Odil Trade in mobile,,,128 GB,Apple,B/U,Gold
24.01.26,T0232,1) 15 Pro Max,354550165417342,760,Odil Trade in mobile,,,256 GB,Apple,B/U,Natural Titanium
20.01.26,T0535,7) Samsung S25 Ultra,351589499794888,850,Odil Trade in mobile,,,256 GB,,NEW,Natural Titanium
20.01.26,T0588,8) Watch Samsung 8 Seria,355148170312787,310,Odil Trade in mobile,,,128 GB,,NEW,Black
19.01.26,T0589,7) Samsung A56,351382276374466,375,A15 Samandar,,,256 GB,,NEW,Black
19.01.26,T0549,7) S25 Ultra,352246821069922,850,Odil Trade in mobile,,,256 GB,,B/U,Black
18.01.26,T0121,1) 13 Pro Max,355365668592312,570,Odil Trade in mobile,,,128 GB,Apple,B/U,Sierra Blue
17.01.26,T0216,1) 15 Pro,353149670701265,450,Trade-in,,,256 GB,Apple,B/U,Natural Titanium
15.01.26,T0101,1) 13 Pro,353929796162108,460,Odil Trade in mobile,,,128 GB,Apple,B/U,Sierra Blue
15.01.26,T0586,1) 17 PRO,354637823900895,"1 510,000",Odil Trade in mobile,,,256 GB,,NEW,White
14.1.26,T0288,1) 16 Pro,352314746351708,900,Abdulloh Aka,,,256 GB,Apple,B/U,Natural Titanium
14.1.26,T0229,1) 15 Pro Max,358066143332681,800,Odil Trade in mobile,,,256 GB,Apple,B/U,Black Titanium
14.1.26,T0301,1) 16 Pro Max,353324837247599,870,Odil Trade in mobile,,,256 GB,Apple,B/U,Space Black
14.1.26,T0569,1) 17 Pro Max,354856654126652,"1 610,000",Odil Trade in mobile,,,256 GB,,NEW,White Titanium
14.1.26,T0587,8) Samsung A17,353665850992713,195,Odil Trade in mobile,,,128 GB,,NEW,Blue
14.1.26,T0301,1) 16 Pro Max,352389711431859,850,Trade-in,,,256 GB,Apple,B/U,Space Black
9.1.26,T0121,1) 13 Pro Max,359978125211676,580,Odil Trade in mobile,,,128 GB,Apple,B/U,Sierra Blue
9.1.26,T0121,1) 13 Pro Max,355365668592312,400,Odil Trade in mobile,,,128 GB,Apple,B/U,Sierra Blue
8.1.26,T0076,1) 13,358293809792541,400,Odil Trade in mobile,,,128 GB,Apple,B/U,Midnight
8.1.26,T0188,1) 14 Pro Max,359761970904078,670,Odil Trade in mobile,,,256 GB,Apple,B/U,Deep Purple
7.1.26,T0287,1) 16 Pro,354149556718762,890,Odil Trade in mobile,,,256 GB,Apple,B/U,Gold
6.1.26,T0231,1) 15 Pro Max,359824379783939,730,Odil Trade in mobile,,,256 GB,Apple,B/U,Blue Titanium
6.1.26,T0586,1) 17 PRO,354096981650450,"1 520,000",Odil Trade in mobile,,,256 GB,,NEW,White
4.1.26,T0569,1) 17 Pro Max,354017328505256,"1 550,000",Odil Trade in mobile,,,256 GB,,NEW,White Titanium
3.1.26,T0301,1) 16 Pro Max,353911403347033,"1 020,000",Odil Trade in mobile,,,256 GB,Apple,B/U,Space Black
3.1.26,T0586,1) 17 PRO,350612763920921,"1 520,000",Odil Trade in mobile,,,256 GB,,NEW,White
2.1.26,T0569,1) 17 Pro Max,357778147679450,"1 660,000",Odil Trade in mobile,,,256 GB,,NEW,White Titanium
2.1.26,T0303,1) 16 Pro Max,354760247062731,900,Trade-in,,,256 GB,Apple,B/U,Gold
31.12.25,T0559,1) 17 pro max Cosmic orange,352602316361564,"1 600,000",Odil Trade in mobile,,,256 GB,,NEW,Yellow
31.12.25,T0564,1) 17 pro max,357778140091067,"1 630,000",Odil Trade in mobile,,,256 GB,,B/U,Natural Titanium
31.12.25,T0583,1) 17,350135174646760,"1 070,000",Odil Trade in mobile,,,256 GB,,NEW,White
30.12.25,T0582,1) 17 Pro Max,356871738102320,"1 520,000",Abdulloh Aka,,,256 GB,,B/U,Blue Titanium
30.12.25,T0580,1) Xs Max,353110102696184,190,Aziz  B30,,,256 GB,,B/U,Gold
30.12.25,T0569,1) 17 Pro Max,357778143872141,"1 650,000",Jamol aka B30,,,256 GB,,NEW,White Titanium
29.12.25,T0564,1) 17 pro max,357778148144835,"1 620,000",Odil Trade in mobile,,,256 GB,,B/U,Natural Titanium
29.12.25,T0579,5) MacBook Air M4 15inch 16/256,MGFVPWX2XY,"1 150,000",Odil Trade in mobile,,,256 GB,,NEW,Starlight
29.12.25,T0118,1) 13 Pro Max,353967818574769,400,Trade-in,,,128 GB,Apple,B/U,Graphite
28.12.25,T0232,1) 15 Pro Max,359473644090462,800,Odil Trade in mobile,,,256 GB,Apple,B/U,Natural Titanium
27.12.25,T0112,1) 13 Pro,352835987688424,300,Trade-in,,,256 GB,Apple,B/U,Alphine Green
26.12.25,T0188,1) 14 Pro Max,355216224905409,470,Trade-in,,,256 GB,Apple,B/U,Deep Purple
25.12.25,T0285,1) 16 Pro,351817724614013,980,Odil Trade in mobile,,,256 GB,Apple,B/U,Space Black
25.12.25,T0569,1) 17 Pro Max,354856654960654,"1 620,000",Odil Trade in mobile,,,256 GB,,NEW,White Titanium
24.12.25,T0188,1) 14 Pro Max,355281439182251,630,Feruz Aka,,,256 GB,Apple,B/U,Deep Purple
24.12.25,T0303,1) 16 Pro Max,353995652184163,940,Odil Trade in mobile,,,256 GB,Apple,B/U,Gold
24.12.25,T0569,1) 17 Pro Max,351784392102301,"1 600,000",Odil Trade in mobile,,,256 GB,,NEW,White Titanium
24.12.25,T0188,1) 14 Pro Max,355999915838688,500,Trade-in,,,256 GB,Apple,B/U,Deep Purple
22.12.25,T0559,1) 17 pro max Cosmic orange,351372774910366,"1 610,000",Odil Trade in mobile,,,256 GB,,NEW,Yellow
22.12.25,T0180,1) 14 Pro Max,353843241576939,500,Trade-in,,,128 GB,Apple,B/U,Deep Purple
22.12.25,T0542,7) S 23 Ultra,356663766534726,350,Trade-in,,,256 GB,,B/U,White
19.12.25,T0303,1) 16 Pro Max,352383732093236,950,Odil Trade in mobile,,,256 GB,Apple,B/U,Gold
18.12.25,T0303,1) 16 Pro Max,350523892305605,980,Odil Trade in mobile,,,256 GB,Apple,B/U,Gold
18.12.25,T0578,7) Samsung Z FOULD 5,353886780379819,480,Odil Trade in mobile,,,256 GB,,B/U,Black
18.12.25,T0232,1) 15 Pro Max,350727303454510,700,Trade-in,,,256 GB,Apple,B/U,Natural Titanium
16.12.25,T0232,1) 15 Pro Max,356677410842608,860,Odil Trade in mobile,,,256 GB,Apple,B/U,Natural Titanium
16.12.25,T0232,1) 15 Pro Max,350814291778983,860,Odil Trade in mobile,,,256 GB,Apple,B/U,Natural Titanium
16.12.25,T0577,1) 17 Pro Max,357035754866916,"1 570,000",Odil Trade in mobile,,,256 GB,,NEW,Blue Titanium
16.12.25,T0169,1) 14 Pro,350365158326911,430,Trade-in,,,256 GB,Apple,B/U,Space Black
16.12.25,T0215,1) 15 Pro,355721795094566,550,Trade-in,,,256 GB,Apple,B/U,Blue Titanium
16.12.25,T0303,1) 16 Pro Max,354039229134002,980,Trade-in,,,256 GB,Apple,B/U,Gold
10.12.25,T0576,1) 17 Pro Max Orange,351038937376908,"2 300,000",A15 Samandar,,,1 TB,,NEW,
10.12.25,T0303,1) 16 Pro Max,358132390957636,"1 140,000",Odil Trade in mobile,,,256 GB,Apple,B/U,Gold
07.12.25,T0188,1) 14 Pro Max,351344352584046,600,Odil Trade in mobile,,,256 GB,Apple,B/U,Deep Purple
07.12.25,T0065,1) 12 Pro Max,359015632967217,260,Trade-in,,,256 GB,Apple,B/U,Graphite
04.12.25,T0180,1) 14 Pro Max,355281436585647,630,Odil Trade in mobile,,,128 GB,Apple,B/U,Deep Purple
02.12.25,T0323,7) Samsung A55,943636161,120,Trade-in,,,,,,
01.12.25,T0303,1) 16 Pro Max,351889722431096,"1 020,000",Odil Trade in mobile,,,256 GB,Apple,B/U,Gold
29.11.25,T0569,1) 17 Pro Max,352368543117761,"1 710,000",Odil Trade in mobile,,,256 GB,,NEW,White Titanium
25.11.25,T0242,1) 16,356479195409533,795,A15 Samandar,,,128 GB,Apple,NEW,Teal
25.11.25,T0172,1) 14 Pro,351131123246470,420,Odil Trade in mobile,,,256 GB,Apple,B/U,Deep Purple
25.11.25,T0188,1) 14 Pro Max,354841665746656,650,Odil Trade in mobile,,,256 GB,Apple,B/U,Deep Purple
25.11.25,T0569,1) 17 Pro Max,355292131599262,"1 740,000",Odil Trade in mobile,,,256 GB,,NEW,White Titanium
25.11.25,T0569,1) 17 Pro Max,355297173108617,"1 740,000",Odil Trade in mobile,,,256 GB,,NEW,White Titanium
25.11.25,T0574,1) 17 PRO MAX ORANGE,355292138062520,"1 990,000",Odil Trade in mobile,,,512 GB,,NEW,Yellow
24.11.25,T0573,1) 11 pro,353238107938861,270,Odil Trade in mobile,,,256 GB,,B/U,Gold
24.11.25,T0102,1) 13 Pro,355677815684382,410,Trade-in,,,128 GB,Apple,B/U,Alphine Green
23.11.25,T0572,2) iWatch 11 46mm Jet,LW4KJ61VH4,410,A15 Samandar,,,64 GB,,NEW,Black
23.11.25,T0440,2) Iwatch 10/46  Jet Black,G29YJRF6HJ,250,Odil Trade in mobile,,,128 GB,,NEW,Black
23.11.25,T0565,1) 17 Air,352602311393596,"1 075,000",Odil Trade in mobile,,,256 GB,,NEW,Black
23.11.25,T0569,1) 17 Pro Max,351038934466827,"1 690,000",Odil Trade in mobile,,,256 GB,,NEW,White Titanium
22.11.25,T0241,1) 16,351267385329610,840,Odil Trade in mobile,,,128 GB,Apple,NEW,Ultramarine
21.11.25,T0161,1) 14 Pro,356901455369404,480,Trade-in,,,128 GB,Apple,B/U,Space Black
19.11.25,T0303,1) 16 Pro Max,358360632587628,"1 190,000",Odil Trade in mobile,,,256 GB,Apple,B/U,Gold
19.11.25,T0311,1) 16 Pro Max,351889720225136,"1 150,000",Odil Trade in mobile,,,512 GB,Apple,B/U,Gold
18.11.25,T0232,1) 15 Pro Max,351858370131829,850,Odil Trade in mobile,,,256 GB,Apple,B/U,Natural Titanium
18.11.25,T0315,1) 15 Pro,350623503192754,790,Odil Trade in mobile,,,128 GB,Apple,B/U,Natural Titanium
17.11.25,T0283,1) 16 Pro,351385196752273,"1 000,000",Odil Trade in mobile,,,256 GB,Apple,NEW,Gold
13.11.25,T0570,1) Ipad M4 13-INCH,K54W200FLF,"1 140,000",A15 Samandar,,,256 GB,,NEW,Silver
13.11.25,T0572,2) iWatch 11 46mm Jet,H32W2727ND,395,A15 Samandar,,,64 GB,,NEW,Black
13.11.25,T0253,1) 16,358158664459520,945,Begzod aka Tog'a A 14,,,256 GB,Apple,NEW,Pink
13.11.25,T0216,1) 15 Pro,355363463116247,700,Trade-in,,,256 GB,Apple,B/U,Natural Titanium
12.11.25,T0132,1) 13 Pro Max,355365661749828,630,Odil Trade in mobile,,,256 GB,Apple,B/U,Alphine Green
10.11.25,T0300,1) 16 Pro Max,350912509210359,"1 330,000",A15 Samandar,,,256 GB,Apple,NEW,Natural Titanium
10.11.25,T0303,1) 16 Pro Max,358029699715238,"1 355,000",Odil Trade in mobile,,,256 GB,Apple,B/U,Gold
10.11.25,T0232,1) 15 Pro Max,357300544196101,720,Trade-in,,,256 GB,Apple,B/U,Natural Titanium
10.11.25,T0232,1) 15 Pro Max,350727301096453,680,Trade-in,,,256 GB,Apple,B/U,Natural Titanium
10.11.25,T0303,1) 16 Pro Max,359922295966016,"1 000,000",Trade-in,,,256 GB,Apple,B/U,Gold
09.11.25,T0489,3) AirPods 4 Bez Shum,F09RF2WD2K,110,A15 Samandar,,,64 GB,,NEW,White
06.11.25,T0131,1) 13 Pro Max,355387499154963,660,Odil Trade in mobile,,,256 GB,Apple,B/U,Sierra Blue
06.11.25,T0229,1) 15 Pro Max,354653142822368,900,Odil Trade in mobile,,,256 GB,Apple,B/U,Black Titanium
05.11.25,T0546,3) Air pods 4(ANC),JY60J9J62Y,150,A15 Samandar,,,64 GB,,NEW,White
05.11.25,T0232,1) 15 Pro Max,350727300886466,920,Odil Trade in mobile,,,256 GB,Apple,B/U,Natural Titanium
05.11.25,T0121,1) 13 Pro Max,353869229535829,500,Trade-in,,,128 GB,Apple,B/U,Sierra Blue
04.11.25,T0568,8) Poco X5,865635062199929,150,Odil Trade in mobile,,,256 GB,,B/U,Black
04.11.25,T0569,1) 17 Pro Max,358936950535164,"1 650,000",Odil Trade in mobile,,,256 GB,,NEW,White Titanium
31.10.25,T0536,5) MacBook Air M1 13inch,HXJPV0SX1WFV,420,Trade-in,,,256 GB,,B/U,Silver
30.10.25,T0232,1) 15 Pro Max,354653146202922,920,Odil Trade in mobile,,,256 GB,Apple,B/U,Natural Titanium
30.10.25,T0558,1) 17 AIR,358838943106063,"1 120,000",Odil Trade in mobile,,,256 GB,,NEW,White Titanium
30.10.25,T0557,7) s23 Ultra,356663764568759,350,Trade-in,,,256 GB,,B/U,Black
29.10.25,T0567,8) redmi note 14 pro,868617083145302,250,A15 Samandar,,,256 GB,,NEW,Pacific Blue
29.10.25,T0216,1) 15 Pro,350623506985352,700,Trade-in,,,256 GB,Apple,B/U,Natural Titanium
29.10.25,T0534,1)  Samsung S 24 Ultra,352208771751214,690,Trade-in,,,256 GB,,B/U,Natural Titanium
28.10.25,T0566,7) 25 ultra,353551770368038,930,Odil Trade in mobile,,,256 GB,,B/U,Natural Titanium
27.10.25,T0232,1) 15 Pro Max,359473640786816,900,Odil Trade in mobile,,,256 GB,Apple,B/U,Natural Titanium
25.10.25,T0564,1) 17 pro max,352064829713924,"1 740,000",Odil Trade in mobile,,,256 GB,,B/U,Natural Titanium
24.10.25,T0565,1) 17 Air,357247593421197,"1 120,000",Odil Trade in mobile,,,256 GB,,NEW,Black
23.10.25,T0232,1) 15 Pro Max,354653144523360,920,Odil Trade in mobile,,,256 GB,Apple,B/U,Natural Titanium
23.10.25,T0514,7) Samsung S24 Ultra,351123963131037,770,Odil Trade in mobile,,,256 GB,,NEW,Black Titanium
21.10.25,T0232,1) 15 Pro Max,354650912686445,900,Odil Trade in mobile,,,256 GB,Apple,B/U,Natural Titanium
20.10.25,T0556,9) Acer noutbook,Javohir A18,370,A18 noutbook Javoxir,,,512 GB,,NEW,Silver
20.10.25,T0162,1) 14 Pro,357555415239252,470,Trade-in,,,128 GB,Apple,B/U,Deep Purple
20.10.25,T0216,1) 15 Pro,359368233133675,700,Trade-in,,,256 GB,Apple,B/U,Natural Titanium
19.10.25,T0240,1) 15 Pro Max,358560152821048,"1 050,000",Odil Trade in mobile,,,512 GB,Apple,B/U,Natural Titanium
18.10.25,T0505,1) 16 Pro,350166641598375,"1 000,000",Odil Trade in mobile,,,128 GB,,B/U,Desert Titanium
18.10.25,T0044,1) 12 Pro,355103318309344,300,Trade-in,,,128 GB,Apple,B/U,Pacific Blue
16.10.25,T0304,1) 16 Pro Max,358029695527389,"1 210,000",Odil Trade in mobile,,,256 GB,Apple,B/U,Natural Titanium
15.10.25,T0315,1) 15 Pro,350313042083389,800,Odil Trade in mobile,,,128 GB,Apple,B/U,Natural Titanium
13.10.25,T0128,1) 13 Pro Max,351016094882884,570,Odil Trade in mobile,,,256 GB,Apple,B/U,Graphite
13.10.25,T0161,1) 14 Pro,351874306833859,630,Odil Trade in mobile,,,128 GB,Apple,B/U,Space Black
13.10.25,T0561,8)Rayban Meta,2Q37S00H7402ZJ,300,Odil Trade in mobile,,,64 GB,,NEW,Black
13.10.25,T0562,7) Samsung A26 mint,352339314013943,250,Odil Trade in mobile,,,256 GB,,NEW,Midnight
13.10.25,T0563,1) 17 PRO,351763582993687,"1 690,000",Odil Trade in mobile,,,256 GB,,NEW,Blue Titanium
12.10.25,T0131,1) 13 Pro Max,359456494493407,570,Odil Trade in mobile,,,256 GB,Apple,B/U,Sierra Blue
11.10.25,T0561,8)Rayban Meta,2Q37S02H5W00MM,400,Odil Trade in mobile,,,64 GB,,NEW,Black
09.10.25,T0162,1) 14 Pro,359449124595345,600,Odil Trade in mobile,,,128 GB,Apple,B/U,Deep Purple
09.10.25,T0232,1) 15 Pro Max,354950990602177,950,Odil Trade in mobile,,,256 GB,Apple,B/U,Natural Titanium
08.10.25,T0118,1) 13 Pro Max,357884549793707,710,Abdulloh Aka,,,128 GB,Apple,B/U,Graphite
06.10.25,T0164,1) 14 Pro,353730790610674,660,Odil Trade in mobile,,,128 GB,Apple,B/U,Deep Purple
06.10.25,T0249,1) 16,356303747368775,650,Odil Trade in mobile,,,128 GB,Apple,B/U,White
05.10.25,T0232,1) 15 Pro Max,354673797020555,950,Odil Trade in mobile,,,256 GB,Apple,B/U,Natural Titanium
03.10.25,T0535,7) Samsung S25 Ultra,353551771780710,"1 040,000",Odil Trade in mobile,,,256 GB,,NEW,Natural Titanium
02.10.25,T0122,1) 13 Pro Max,356348392015296,600,Odil Trade in mobile,,,128 GB,Apple,B/U,Alphine Green
02.10.25,T0303,1) 16 Pro Max,359922295804375,"1 200,000",Odil Trade in mobile,,,256 GB,Apple,B/U,Gold
02.10.25,T0559,1) 17 pro max Cosmic orange,356889612432316,"2 050,000",Odil Trade in mobile,,,256 GB,,NEW,Yellow
02.10.25,T0231,1) 15 Pro Max,356103508394543,700,Trade-in,,,256 GB,Apple,B/U,Blue Titanium
01.10.25,T0164,1) 14 Pro,353730790610674,660,Odil Trade in mobile,,,128 GB,Apple,B/U,Deep Purple
01.10.25,T0558,1) 17 AIR,356770694645456,"1 400,000",Odil Trade in mobile,,,256 GB,,NEW,White Titanium
30.09.25,T0122,1) 13 Pro Max,357782727670970,630,Odil Trade in mobile,,,128 GB,Apple,B/U,Alphine Green
30.09.25,T0232,1) 15 Pro Max,357300540705798,900,Odil Trade in mobile,,,256 GB,Apple,B/U,Natural Titanium
30.09.25,T0232,1) 15 Pro Max,357164769651442,840,Trade-in,,,256 GB,Apple,B/U,Natural Titanium
29.09.25,T0533,1) 11 Pro Max,353899102888367,350,Odil Trade in mobile,,,256 GB,,B/U,Silver
29.09.25,T0557,7) s23 Ultra,351747955188868,580,Odil Trade in mobile,,,256 GB,,B/U,Black
28.09.25,T0044,1) 12 Pro,356682115092467,370,Odil Trade in mobile,,,128 GB,Apple,B/U,Pacific Blue
27.09.25,T0311,1) 16 Pro Max,351037793686681,"1 280,000",Odil Trade in mobile,,,512 GB,Apple,B/U,Gold
26.09.25,T0556,9) Acer noutbook,12345,400,A18 noutbook Javoxir,,,512 GB,,NEW,Silver
26.09.25,T0044,1) 12 Pro,356680116607150,380,Odil Trade in mobile,,,128 GB,Apple,B/U,Pacific Blue
26.09.25,T0185,1) 14 Pro Max,359761976201628,770,Odil Trade in mobile,,,256 GB,Apple,B/U,Space Black
26.09.25,T0555,4) iPad 11 A16 wifi,C323302JV02,380,Odil Trade in mobile,,,128 GB,,NEW,Silver
26.09.25,T0188,1) 14 Pro Max,350089111401724,650,Trade-in,,,256 GB,Apple,B/U,Deep Purple
24.09.25,T0325,3) Air Pods 2 Pro,GWJWFWLTYQ,180,A15 Samandar,,,,,,
24.09.25,T0554,7) Whoop 5.0 Life,B5BP0076135,415,A15 Samandar,,,64 GB,,NEW,Black
24.09.25,T0213,1) 15 Pro,355551412870217,830,Abdulloh Aka,,,256 GB,Apple,B/U,Black Titanium
23.09.25,T0162,1) 14 Pro,350351909692231,650,Odil Trade in mobile,,,128 GB,Apple,B/U,Deep Purple
22.09.25,T0185,1) 14 Pro Max,353885668542134,670,Odil Trade in mobile,,,256 GB,Apple,B/U,Space Black
22.09.25,T0188,1) 14 Pro Max,359761970904078,780,Odil Trade in mobile,,,256 GB,Apple,B/U,Deep Purple
21.09.25,T0140,1) 14,350390120387346,500,Odil Trade in mobile,,,128 GB,Apple,B/U,Starlight
15.09.25,T0232,1) 15 Pro Max,353104763942789,930,Odil Trade in mobile,,,256 GB,Apple,B/U,Natural Titanium
14.09.25,T0101,1) 13 Pro,353165800414306,560,Odil Trade in mobile,,,128 GB,Apple,B/U,Sierra Blue
14.09.25,T0229,1) 15 Pro Max,359893613890388,930,Odil Trade in mobile,,,256 GB,Apple,B/U,Black Titanium
14.09.25,T0297,1) 16 Pro Max,358360632587628,"1 350,000",Odil Trade in mobile,,,256 GB,Apple,NEW,Space Black
14.09.25,T0541,7) S25 Ultra,353551770829203,"1 070,000",Odil Trade in mobile,,,256 GB,,NEW,Black
14.09.25,T0052,1) 12 Pro,356702113182654,360,Trade-in,,,256 GB,Apple,B/U,Pacific Blue
11.09.25,T0060,1) 12 Pro Max,356487142001105,480,Odil Trade in mobile,,,128 GB,Apple,B/U,Pacific Blue
10.09.25,T0229,1) 15 Pro Max,354645218334328,930,Odil Trade in mobile,,,256 GB,Apple,B/U,Black Titanium
06.09.25,T0020,1) 12,357078168516503,340,Odil Trade in mobile,,,128 GB,Apple,B/U,White
05.09.25,T0194,1) 15,352016945837839,600,Odil Trade in mobile,,,128 GB,Apple,B/U,Black
03.09.25,T0552,1) Xs Max,357281093563687,240,Abdulloh Aka,,,64 GB,,B/U,Gold
01.09.25,T0315,1) 15 Pro,358819904830180,830,Odil Trade in mobile,,,128 GB,Apple,B/U,Natural Titanium
01.09.25,T0044,1) 12 Pro,356680115219577,342,Trade-in,,,128 GB,Apple,B/U,Pacific Blue
01.09.25,T0162,1) 14 Pro,352186953951887,610,Trade-in,,,128 GB,Apple,B/U,Deep Purple
01.09.25,T0584,1) 11 Pro,353878101232124,250,Trade-in,,,256 GB,,B/U,Graphite
31.08.25,T0551,7) Samsung Z flip 5,357191980446302,380,Mirfozil,,,256 GB,,B/U,White
28.08.25,T0550,1) 14 Pro Max,353180356507617,970,Mirfozil,,,512 GB,,B/U,Purple
28.08.25,T0108,1) 13 Pro,357448972420608,450,Trade-in,,,256 GB,Apple,B/U,Graphite
27.08.25,T0231,1) 15 Pro Max,351858370921641,960,Odil Trade in mobile,,,256 GB,Apple,B/U,Blue Titanium
27.08.25,T0303,1) 16 Pro Max,354760240600479,"1 180,000",Odil Trade in mobile,,,256 GB,Apple,B/U,Gold
27.08.25,T0549,7) S25 Ultra,351589497189917,980,Odil Trade in mobile,,,256 GB,,B/U,Black
24.08.25,T0216,1) 15 Pro,355363463116247,850,Odil Trade in mobile,,,256 GB,Apple,B/U,Natural Titanium
23.08.25,T0315,1) 15 Pro,358301851325290,820,Odil Trade in mobile,,,128 GB,Apple,B/U,Natural Titanium
22.08.25,T0232,1) 15 Pro Max,357300544151395,920,Odil Trade in mobile,,,256 GB,Apple,B/U,Natural Titanium
14.08.25,T0548,7) Samsung S25 Ultra JetBlack,356899251266362,"1 290,000",A15 Samandar,,,512 GB,,NEW,Black
09.08.25,T0547,7) s25 128gb,350505564266298,780,Odil Trade in mobile,,,128 GB,,NEW,Silver
06.08.25,T0131,1) 13 Pro Max,351243328081816,590,Odil Trade in mobile,,,256 GB,Apple,B/U,Sierra Blue
05.08.25,T0102,1) 13 Pro,355677815998295,450,Trade-in,,,128 GB,Apple,B/U,Alphine Green
01.08.25,T0232,1) 15 Pro Max,350069702883936,910,Odil Trade in mobile,,,256 GB,Apple,B/U,Natural Titanium
31.07.25,T0322,2) iWatch 9 45 mm,KMV671FP7F,250,Odil Trade in mobile,,,,,B/U,Teal
31.07.25,T0489,3) AirPods 4 Bez Shum,G9GW94L25P,200,Odil Trade in mobile,,,64 GB,,NEW,White
29.07.25,T0544,8)samsung A16 White,352743952974102,180,Odil Trade in mobile,,,128 GB,,NEW,White
26.07.25,T0543,7) Samsung A56 8/128,351959931462966,380,Odil Trade in mobile,,,128 GB,,NEW,Graphite
21.07.25,T0521,15 pro,355675801810615,470,Trade-in,,,128 GB,,B/U,Black
18.07.25,T0213,1) 15 Pro,359370791233343,830,Odil Trade in mobile,,,256 GB,Apple,B/U,Black Titanium
18.07.25,T0232,1) 15 Pro Max,350717693279510,830,Trade-in,,,256 GB,Apple,B/U,Natural Titanium
17.07.25,T0101,1) 13 Pro,353929796814377,520,Odil Trade in mobile,,,128 GB,Apple,B/U,Sierra Blue
17.07.25,T0112,1) 13 Pro,352835987688424,520,Odil Trade in mobile,,,256 GB,Apple,B/U,Alphine Green
17.07.25,T0243,1) 16,353565916156883,888,Odil Trade in mobile,,,128 GB,Apple,NEW,Pink
17.07.25,T0488,3) AirPods 4,C4LX2V6PNP,175,Odil Trade in mobile,,,64 GB,,NEW,White
17.07.25,T0500,1) 16 Pro,351817725123469,"1 120,000",Odil Trade in mobile,,,128 GB,,NEW,Black Titanium
17.07.25,T0508,1) 16 Pro,355072394491393,"1 000,000",Odil Trade in mobile,,,128 GB,,B/U,Black Titanium
16.07.25,T0111,1) 13 Pro,354916450453906,500,Odil Trade in mobile,,,256 GB,Apple,B/U,Sierra Blue
16.07.25,T0216,1) 15 Pro,351091213145570,810,Odil Trade in mobile,,,256 GB,Apple,B/U,Natural Titanium
14.07.25,T0180,1) 14 Pro Max,353843241576939,700,Odil Trade in mobile,,,128 GB,Apple,B/U,Deep Purple
14.07.25,T0301,1) 16 Pro Max,357435930315178,"1 080,000",Trade-in,,,256 GB,Apple,B/U,Space Black
12.07.25,T0299,1) 16 Pro Max,351361546325342,"1 380,000",Odil Trade in mobile,,,256 GB,Apple,NEW,Gold
11.07.25,T0300,1) 16 Pro Max,353397167285215,"1 380,000",Odil Trade in mobile,,,256 GB,Apple,NEW,Natural Titanium
10.07.25,T0216,1) 15 Pro,358819900496176,790,Odil Trade in mobile,,,256 GB,Apple,B/U,Natural Titanium
10.07.25,T0504,1) 16 Pro,355984834445195,"1 020,000",Odil Trade in mobile,,,128 GB,,NEW,Desert Titanium
10.07.25,T0542,7) S 23 Ultra,356663766534726,610,Odil Trade in mobile,,,256 GB,,B/U,White
10.07.25,T0232,1) 15 Pro Max,357300544151395,800,Trade-in,,,256 GB,Apple,B/U,Natural Titanium
09.07.25,T0188,1) 14 Pro Max,352632921486977,720,Odil Trade in mobile,,,256 GB,Apple,B/U,Deep Purple
09.07.25,T0232,1) 15 Pro Max,356388812930450,880,Odil Trade in mobile,,,256 GB,Apple,B/U,Natural Titanium
08.07.25,T0180,1) 14 Pro Max,356703857567225,700,Odil Trade in mobile,,,128 GB,Apple,B/U,Deep Purple
08.07.25,T0232,1) 15 Pro Max,351073878880980,900,Odil Trade in mobile,,,256 GB,Apple,B/U,Natural Titanium
08.07.25,T0299,1) 16 Pro Max,357507336087328,"1 360,000",Odil Trade in mobile,,,256 GB,Apple,NEW,Gold
08.07.25,T0299,1) 16 Pro Max,357435937634035,"1 280,000",Trade-in,,,256 GB,Apple,NEW,Gold
07.07.25,T0232,1) 15 Pro Max,351914988059249,880,Odil Trade in mobile,,,256 GB,Apple,B/U,Natural Titanium
06.07.25,T0299,1) 16 Pro Max,353397165880348,"1 340,000",Odil Trade in mobile,,,256 GB,Apple,NEW,Gold
05.07.25,T0162,1) 14 Pro,350056594617829,610,Odil Trade in mobile,,,128 GB,Apple,B/U,Deep Purple
03.07.25,T0539,1) 11 PRO 64 GB,352819110202246,250,Aka Roshan,,,64 GB,,B/U,Graphite
02.07.25,T0299,1) 16 Pro Max,351361545796907,"1 320,000",Odil Trade in mobile,,,256 GB,Apple,NEW,Gold
01.07.25,T0232,1) 15 Pro Max,354694980076220,860,Abdulloh Aka,,,256 GB,Apple,B/U,Natural Titanium
01.07.25,T0232,1) 15 Pro Max,354550165709946,870,Odil Trade in mobile,,,256 GB,Apple,B/U,Natural Titanium
01.07.25,T0299,1) 16 Pro Max,351486005701798,"1 330,000",Odil Trade in mobile,,,256 GB,Apple,NEW,Gold
01.07.25,T0541,7) S25 Ultra,353551770149883,"1 080,000",Odil Trade in mobile,,,256 GB,,NEW,Black
30.06.25,T0232,1) 15 Pro Max,350727303454510,850,Odil Trade in mobile,,,256 GB,Apple,B/U,Natural Titanium
30.06.25,T0232,1) 15 Pro Max,354550165709946,780,Trade-in,,,256 GB,Apple,B/U,Natural Titanium
28.06.25,T0180,1) 14 Pro Max,350550250963287,650,Odil Trade in mobile,,,128 GB,Apple,B/U,Deep Purple
28.06.25,T0303,1) 16 Pro Max,350572413211701,"1 200,000",Odil Trade in mobile,,,256 GB,Apple,B/U,Gold
26.06.25,T0169,1) 14 Pro,350365158326911,600,Odil Trade in mobile,,,256 GB,Apple,B/U,Space Black
25.06.25,T0299,1) 16 Pro Max,351486005726399,"1 320,000",Odil Trade in mobile,,,256 GB,Apple,NEW,Gold
24.06.25,T0179,1) 14 Pro Max,358457888996824,700,Odil Trade in mobile,,,128 GB,Apple,B/U,Gold
23.06.25,T0539,1) 11 PRO 64 GB,353829109441183,250,Trade-in,,,64 GB,,B/U,Graphite
22.06.25,T0179,1) 14 Pro Max,358457888996824,590,Trade-in,,,128 GB,Apple,B/U,Gold
21.06.25,T0538,6) iMac M1 24-inch 8/256,H4THD0TKQ6WD,"1 080,000",B44,,,256 GB,,B/U,Purple
20.06.25,T0487,7) Samsung S24 Ultra,351885212892293,770,Abdulloh Aka,,,512 GB,,NEW,Black
19.06.25,T0315,1) 15 Pro,353281471699578,680,Agzamov Oybek,,,128 GB,Apple,B/U,Natural Titanium
19.06.25,T0232,1) 15 Pro Max,356677410842608,880,Odil Trade in mobile,,,256 GB,Apple,B/U,Natural Titanium
19.06.25,T0281,1) 16 Pro,355072395592256,"1 170,000",Odil Trade in mobile,,,256 GB,Apple,NEW,Space Black
19.06.25,T0321,2) iWatch Ultra 2 49mm Ocean Band,CPXDQNPF7Y,700,Samandar QQB,,,,Apple,,Blue Titanium
19.06.25,T0321,2) iWatch Ultra 2 49mm Ocean Band,HV9V7TVK9D,700,Samandar QQB,,,,Apple,,Blue Titanium
18.06.25,T0232,1) 15 Pro Max,353650699854365,880,Odil Trade in mobile,,,256 GB,Apple,B/U,Natural Titanium
18.06.25,T0255,1) 16,350743498535708,970,Odil Trade in mobile,,,256 GB,Apple,NEW,Black
18.06.25,T0228,1) 15 Pro Max,356677410842608,730,Trade-in,,,256 GB,Apple,NEW,Natural Titanium
17.06.25,T0299,1) 16 Pro Max,353397165767727,"1 250,000",Odil Trade in mobile,,,256 GB,Apple,NEW,Gold
17.06.25,T0304,1) 16 Pro Max,353324834750371,"1 070,000",Odil Trade in mobile,,,256 GB,Apple,B/U,Natural Titanium
11.06.25,T0490,1) Iphone 11,356460103181687,50,Aka Roshan,,,64 GB,,B/U,Black
11.06.25,T0215,1) 15 Pro,353553413395071,730,Odil Trade in mobile,,,256 GB,Apple,B/U,Blue Titanium
11.06.25,T0232,1) 15 Pro Max,354550164832061,820,Odil Trade in mobile,,,256 GB,Apple,B/U,Natural Titanium
10.06.25,T0101,1) 13 Pro,888394,500,Mirfozil,,,128 GB,Apple,B/U,Sierra Blue
08.06.25,T0299,1) 16 Pro Max,351486003086820,"1 230,000",Odil Trade in mobile,,,256 GB,Apple,NEW,Gold
07.06.25,T0325,3) Air Pods 2 Pro,DQCN9GYQQ9,220,Odil Trade in mobile,,,,,,
07.06.25,T0489,3) AirPods 4 Bez Shum,C3632QGV3M,135,Odil Trade in mobile,,,64 GB,,NEW,White
05.06.25,T0180,1) 14 Pro Max,355656665427910,670,Abdulloh Aka,,,128 GB,Apple,B/U,Deep Purple
05.06.25,T0325,3) Air Pods 2 Pro,L7WL41371J,210,Odil Trade in mobile,,,,,,
05.06.25,T0445,2) Iwatch 10/46 Rose Gold,C99GN7C64G,380,Odil Trade in mobile,,,64 GB,Apple,NEW,Gold
05.06.25,T0488,3) AirPods 4,FC22QKF7TG,190,Odil Trade in mobile,,,64 GB,,NEW,White
05.06.25,T0536,5) MacBook Air M1 13inch,FVFJ78LY1WFY,368,Trade-in,,,256 GB,,B/U,Silver
05.06.25,T0537,2) iWatch 10/42 Rose Gold,HGV9P3K697,180,Trade-in,,,,,B/U,
04.06.25,T0060,1) 12 Pro Max,357210363173687,400,Odil Trade in mobile,,,128 GB,Apple,B/U,Pacific Blue
04.06.25,T0141,1) 14,358798485918442,420,Odil Trade in mobile,,,128 GB,Apple,B/U,Blue
04.06.25,T0169,1) 14 Pro,354540532305098,600,Odil Trade in mobile,,,256 GB,Apple,B/U,Space Black
04.06.25,T0303,1) 16 Pro Max,351366063969034,"1 100,000",Odil Trade in mobile,,,256 GB,Apple,B/U,Gold
04.06.25,T0534,1)  Samsung S 24 Ultra,350518498276457,770,Odil Trade in mobile,,,256 GB,,B/U,Natural Titanium
03.06.25,T0303,1) 16 Pro Max,351421086225011,"1 100,000",Abdulloh Aka,,,256 GB,Apple,B/U,Gold
03.06.25,T0299,1) 16 Pro Max,354868695269342,"1 230,000",Odil Trade in mobile,,,256 GB,Apple,NEW,Gold
03.06.25,T0535,7) Samsung S25 Ultra,352857871215601,980,Odil Trade in mobile,,,256 GB,,NEW,Natural Titanium
02.06.25,T0533,1) 11 Pro Max,353906101394030,320,Odil Trade in mobile,,,256 GB,,B/U,Silver
02.06.25,T0229,1) 15 Pro Max,359960731983682,620,Trade-in,,,256 GB,Apple,B/U,Black Titanium
01.06.25,T0225,1) 15 Pro Max,351073875412712,"1 080,000",Odil Trade in mobile,,,256 GB,Apple,NEW,Natural Titanium
31.05.25,T0044,1) 12 Pro,355103318309344,360,Odil Trade in mobile,,,128 GB,Apple,B/U,Pacific Blue
30.05.25,T0299,1) 16 Pro Max,354868695774036,"1 240,000",Odil Trade in mobile,,,256 GB,Apple,NEW,Gold
30.05.25,T0532,7) S23 Ultra,356663764308503,620,Odil Trade in mobile,,,256 GB,,B/U,Alphine Green
28.05.25,T0510,(7) samsung s22 ultra b/u,351562315104103,450,Odil Trade in mobile,,,256 GB,,B/U,Black
27.05.25,T0131,1) 13 Pro Max,357782726180799,620,Odil Trade in mobile,,,256 GB,Apple,B/U,Sierra Blue
26.05.25,T0059,1) 12 Pro Max,355060583733576,420,Odil Trade in mobile,,,128 GB,Apple,B/U,Gold
25.05.25,T0068,1) 12 Pro Max,351330883578664,370,Odil Trade in mobile,,,256 GB,Apple,B/U,Pacific Blue
25.05.25,T0232,1) 15 Pro Max,350091878970024,870,Odil Trade in mobile,,,256 GB,Apple,B/U,Natural Titanium
25.05.25,T0518,7) Samsung S25 Ultra,351589496442929,"1 060,000",Odil Trade in mobile,,,512 GB,,NEW,Natural Titanium
22.05.25,T0172,1) 14 Pro,351542660429958,680,Odil Trade in mobile,,,256 GB,Apple,B/U,Deep Purple
22.05.25,T0172,1) 14 Pro,354726636412373,620,Odil Trade in mobile,,,256 GB,Apple,B/U,Deep Purple
21.05.25,T0044,1) 12 Pro,356680115219577,200,Aka Roshan,,,128 GB,Apple,B/U,Pacific Blue
21.05.25,T0180,1) 14 Pro Max,353704411593981,690,Odil Trade in mobile,,,128 GB,Apple,B/U,Deep Purple
21.05.25,T0187,1) 14 Pro Max,359265380712840,630,Odil Trade in mobile,,,256 GB,Apple,B/U,Gold
21.05.25,T0216,1) 15 Pro,350623506985352,770,Odil Trade in mobile,,,256 GB,Apple,B/U,Natural Titanium
20.05.25,T0299,1) 16 Pro Max,351486000927026,"1 240,000",A15 Samandar,,,256 GB,Apple,NEW,Gold
20.05.25,T0440,2) Iwatch 10/46  Jet Black,L7KXY6VK7D,360,A15 Samandar,,,128 GB,,NEW,Black
20.05.25,T0299,1) 16 Pro Max,359922295734828,"1 240,000",Abdulloh Aka,,,256 GB,Apple,NEW,Gold
19.05.25,T0121,1) 13 Pro Max,350566109570099,580,Odil Trade in mobile,,,128 GB,Apple,B/U,Sierra Blue
19.05.25,T0521,15 pro,14268,650,Trade-in,,,128 GB,,B/U,Black
18.05.25,T0232,1) 15 Pro Max,358525990750360,850,Odil Trade in mobile,,,256 GB,Apple,B/U,Natural Titanium
16.05.25,T0162,1) 14 Pro,353780672649746,480,Aka Roshan,,,128 GB,Apple,B/U,Deep Purple
16.05.25,T0121,1) 13 Pro Max,353869229535829,580,Odil Trade in mobile,,,128 GB,Apple,B/U,Sierra Blue
16.05.25,T0283,1) 16 Pro,355984834494268,"1 080,000",Odil Trade in mobile,,,256 GB,Apple,NEW,Gold
15.05.25,T0232,1) 15 Pro Max,350717694581153,830,Odil Trade in mobile,,,256 GB,Apple,B/U,Natural Titanium
15.05.25,T0299,1) 16 Pro Max,987654321012345,"1 270,000",Odil Trade in mobile,,,256 GB,Apple,NEW,Gold
10.05.25,T0188,1) 14 Pro Max,355999915838688,580,Trade-in,,,256 GB,Apple,B/U,Deep Purple
09.05.25,T0122,1) 13 Pro Max,352865671417004,580,Odil Trade in mobile,,,128 GB,Apple,B/U,Alphine Green
03.05.25,T0112,1) 13 Pro,353754681614090,315,Aka Roshan,,,256 GB,Apple,B/U,Alphine Green
01.05.25,T0232,1) 15 Pro Max,359824378606776,940,A15 Samandar,,,256 GB,Apple,B/U,Natural Titanium
01.05.25,T0531,4) iPad Pro 11inch (4th Gen) Wifi + Cellular,L69F4KLQ3V,710,B44,,,128 GB,,B/U,Silver
30.04.25,T0229,1) 15 Pro Max,358656808363482,880,Odil Trade in mobile,,,256 GB,Apple,B/U,Black Titanium
30.04.25,T0281,1) 16 Pro,351606586102476,"1 190,000",Odil Trade in mobile,,,256 GB,Apple,NEW,Space Black
28.04.25,T0057,1) 12 Pro Max,359735196581803,280,Aka Roshan,,,128 GB,Apple,B/U,Graphite
28.04.25,T0169,1) 14 Pro,355281437565648,530,Aka Roshan,,,256 GB,Apple,B/U,Space Black
28.04.25,T0188,1) 14 Pro Max,352632928094121,650,Aka Roshan,,,256 GB,Apple,B/U,Deep Purple
28.04.25,T0076,1) 13,352280413455124,380,Odil Trade in mobile,,,128 GB,Apple,B/U,Midnight
28.04.25,T0300,1) 16 Pro Max,359922295662821,"1 285,000",Odil Trade in mobile,,,256 GB,Apple,NEW,Natural Titanium
26.04.25,T0102,1) 13 Pro,355843800913505,480,Odil Trade in mobile,,,128 GB,Apple,B/U,Alphine Green
26.04.25,T0180,1) 14 Pro Max,355216224735400,670,Odil Trade in mobile,,,128 GB,Apple,B/U,Deep Purple
26.04.25,T0232,1) 15 Pro Max,353134987887262,860,Odil Trade in mobile,,,256 GB,Apple,B/U,Natural Titanium
25.04.25,T0282,1) 16 Pro,350578803077206,"1 160,000",Odil Trade in mobile,,,256 GB,Apple,NEW,White Titanium
24.04.25,T0299,1) 16 Pro Max,357583474496084,"1 230,000",Odil Trade in mobile,,,256 GB,Apple,NEW,Gold
24.04.25,T0300,1) 16 Pro Max,355350432413896,"1 290,000",Odil Trade in mobile,,,256 GB,Apple,NEW,Natural Titanium
20.04.25,T0530,Iphone XR,352885115930628,300,A15 Samandar,,,128 GB,,NEW,RED
20.04.25,T0110,1) 13 Pro,355786372872353,440,Odil Trade in mobile,,,256 GB,Apple,B/U,Gold
20.04.25,T0283,1) 16 Pro,351080264411981,"1 210,000",Odil Trade in mobile,,,256 GB,Apple,NEW,Gold
19.04.25,T0299,1) 16 Pro Max,351456001490008,"1 240,000",Odil Trade in mobile,,,256 GB,Apple,NEW,Gold
18.04.25,T0067,1) 12 Pro Max,123456789,400,Odil Trade in mobile,,,256 GB,Apple,B/U,Gold
17.04.25,T0299,1) 16 Pro Max,355350434674263,"1 250,000",Odil Trade in mobile,,,256 GB,Apple,NEW,Gold
16.04.25,T0216,1) 15 Pro,358819900496176,700,Aka Roshan,,,256 GB,Apple,B/U,Natural Titanium
15.04.25,T0445,2) Iwatch 10/46 Rose Gold,GXYF3G7N9C,365,Jamol aka B30,,,64 GB,Apple,NEW,Gold
15.04.25,T0529,1) MacBook Air  M3 13 inch 16/512 Gray,KRQL9Y0F6T,"1 140,000",Jamol aka B30,,,512 GB,,NEW,Teal
15.04.25,T0284,1) 16 Pro,352533573159393,"1 250,000",Odil Trade in mobile,,,256 GB,Apple,NEW,Natural Titanium
15.04.25,T0188,1) 14 Pro Max,357711917091341,630,Trade-in,,,256 GB,Apple,B/U,Deep Purple
14.04.25,T0111,1) 13 Pro,352114953246439,500,Trade-in,,,256 GB,Apple,B/U,Sierra Blue
13.04.25,T0049,1) 12 Pro,354199140312028,360,Abdulloh Aka,,,256 GB,Apple,B/U,Graphite
12.04.25,T0299,1) 16 Pro Max,355506723031172,"1 250,000",Odil Trade in mobile,,,256 GB,Apple,NEW,Gold
11.04.25,T0101,1) 13 Pro,350367279197585,400,Trade-in,,,128 GB,Apple,B/U,Sierra Blue
07.04.25,T0130,1) 13 Pro Max,357177504175584,530,Odil Trade in mobile,,,256 GB,Apple,B/U,Gold
06.04.25,T0528,7) Samsung Galaxy Tab A9,351506558757994,180,Odil Trade in mobile,,,64 GB,,NEW,Graphite
05.04.25,T0231,1) 15 Pro Max,354449447202996,800,Aka Roshan,,,256 GB,Apple,B/U,Blue Titanium
05.04.25,T0299,1) 16 Pro Max,355011343855993,"1 260,000",Odil Trade in mobile,,,256 GB,Apple,NEW,Gold
03.04.25,T0111,1) 13 Pro,354916453461732,470,Odil Trade in mobile,,,256 GB,Apple,B/U,Sierra Blue
03.04.25,T0133,1) 14,350596489056393,490,Trade-in,,,128 GB,Apple,NEW,Midnight
02.04.25,T0526,Macbook Air M4,BX3FNHW3R,"1 090,000",Abdulloh Aka,,,256 GB,,NEW,Blue
01.04.25,T0527,1) Xs Max,357268094080027,230,Abdulloh Aka,,,256 GB,,B/U,Black
01.04.25,T0163,1) 14 Pro,353559566487094,300,Trade-in,,,128 GB,Apple,B/U,Gold
01.04.25,T0315,1) 15 Pro,359370797852260,600,Trade-in,,,128 GB,Apple,B/U,Natural Titanium
31.03.25,T0188,1) 14 Pro Max,353843244527418,650,Aka Roshan,,,256 GB,Apple,B/U,Deep Purple
31.03.25,T0299,1) 16 Pro Max,354039223782723,"1 250,000",Odil Trade in mobile,,,256 GB,Apple,NEW,Gold
29.03.25,T0297,1) 16 Pro Max,357988125745245,"1 260,000",Odil Trade in mobile,,,256 GB,Apple,NEW,Space Black
26.03.25,T0331,5) MacBook Air M2 8/256,LQXKN9DJ7G,970,Jamol aka B30,,,,,,
24.03.25,T0232,1) 15 Pro Max,353134988500260,740,Trade-in,,,256 GB,Apple,B/U,Natural Titanium
24.03.25,T0491,2) Watch 10 46mm Milanese,CPW2PY3WJP,630,Trade-in,,,64 GB,,NEW,Natural Titanium
24.03.25,T0498,2) Iwatch Ultra 1,MKF4KL9L1F,280,Trade-in,,,64 GB,,B/U,Green
23.03.25,T0297,1) 16 Pro Max,357435930315178,"1 275,000",Odil Trade in mobile,,,256 GB,Apple,NEW,Space Black
18.03.25,T0232,1) 15 Pro Max,358797334891347,760,Abdulloh Aka,,,256 GB,Apple,B/U,Natural Titanium
18.03.25,T0303,1) 16 Pro Max,357988121029362,"1 000,000",Trade-in,,,256 GB,Apple,B/U,Gold
16.03.25,T0172,1) 14 Pro,354542502296471,580,Odil Trade in mobile,,,256 GB,Apple,B/U,Deep Purple
16.03.25,T0240,1) 15 Pro Max,354784326886166,880,Odil Trade in mobile,,,512 GB,Apple,B/U,Natural Titanium
15.03.25,T0510,(7) samsung s22 ultra b/u,353238130273609,500,Abdulloh Aka,,,256 GB,,B/U,Black
15.03.25,T0297,1) 16 Pro Max,358029691982810,"1 270,000",Odil Trade in mobile,,,256 GB,Apple,NEW,Space Black
15.03.25,T0501,1) 16 Pro,354985552294088,"1 070,000",Odil Trade in mobile,,,128 GB,,NEW,White Titanium
14.03.25,T0299,1) 16 Pro Max,357988124250288,"1 260,000",Odil Trade in mobile,,,256 GB,Apple,NEW,Gold
14.03.25,T0111,1) 13 Pro,354509710764830,300,Trade-in,,,256 GB,Apple,B/U,Sierra Blue
12.03.25,T0232,1) 15 Pro Max,357300543156502,880,Odil Trade in mobile,,,256 GB,Apple,B/U,Natural Titanium
12.03.25,T0185,1) 14 Pro Max,355281436154386,550,Trade-in,,,256 GB,Apple,B/U,Space Black
12.03.25,T0315,1) 15 Pro,353281472104719,620,Trade-in,,,128 GB,Apple,B/U,Natural Titanium
11.03.25,T0300,1) 16 Pro Max,350572417770116,"1 260,000",Odil Trade in mobile,,,256 GB,Apple,NEW,Natural Titanium
11.03.25,T0102,1) 13 Pro,355677815684382,400,Trade-in,,,128 GB,Apple,B/U,Alphine Green
10.03.25,T0180,1) 14 Pro Max,353266548085356,520,Trade-in,,,128 GB,Apple,B/U,Deep Purple
09.03.25,T0498,2) Iwatch Ultra 1,JJ3QFVRW36,400,Abdulloh Aka,,,64 GB,,B/U,Green
08.03.25,T0283,1) 16 Pro,350331587418026,"1 180,000",A15 Samandar,,,256 GB,Apple,NEW,Gold
08.03.25,T0299,1) 16 Pro Max,353995653283600,"1 190,000",Odil Trade in mobile,,,256 GB,Apple,NEW,Gold
08.03.25,T0523,2) iWatch 10/46 Rose Gold,ASDF1234,330,Odil Trade in mobile,,,64 GB,,B/U,
07.03.25,T0489,3) AirPods 4 Bez Shum,GPVQ4FCXNW,125,A15 Samandar,,,64 GB,,NEW,White
07.03.25,T0522,7) Samsung S22 Ultra,352958190430671,510,Abdulloh Aka,,,512 GB,,B/U,Blue
7.3.25,T0188,1) 14 Pro Max,352632924657673,680,Odil Trade in mobile,,,256 GB,Apple,B/U,Deep Purple
7.3.25,T0225,1) 15 Pro Max,358181359980303,"1 080,000",Odil Trade in mobile,,,256 GB,Apple,NEW,Natural Titanium
7.3.25,T0297,1) 16 Pro Max,356415751200064,"1 190,000",Odil Trade in mobile,,,256 GB,Apple,NEW,Space Black
7.3.25,T0504,1) 16 Pro,350717760323803,"1 060,000",Odil Trade in mobile,,,128 GB,,NEW,Desert Titanium
7.3.25,T0315,1) 15 Pro,357734402249927,670,Trade-in,,,128 GB,Apple,B/U,Natural Titanium
5.3.25,T0232,1) 15 Pro Max,350091873451483,740,Temur,,,256 GB,Apple,B/U,Natural Titanium
3.3.25,T0225,1) 15 Pro Max,357164769651442,"1 090,000",A15 Samandar,,,256 GB,Apple,NEW,Natural Titanium
28.2.25,T0225,1) 15 Pro Max,357164769911838,"1 080,000",A15 Samandar,,,256 GB,Apple,NEW,Natural Titanium
28.2.25,T0121,1) 13 Pro Max,352996435686046,560,Abdulloh Aka,,,128 GB,Apple,B/U,Sierra Blue
28.2.25,T0007,1) 12,354696408568357,185,Trade-in,,,64 GB,Apple,B/U,Black
28.2.25,T0101,1) 13 Pro,359664929207645,400,Trade-in,,,128 GB,Apple,B/U,Sierra Blue
28.2.25,T0315,1) 15 Pro,355746607515698,530,Trade-in,,,128 GB,Apple,B/U,Natural Titanium
26.2.25,T0052,1) 12 Pro,353147476629664,340,Odil Trade in mobile,,,256 GB,Apple,B/U,Pacific Blue
26.2.25,T0111,1) 13 Pro,352203778447387,410,Odil Trade in mobile,,,256 GB,Apple,B/U,Sierra Blue
26.2.25,T0188,1) 14 Pro Max,353425684109889,700,Temur,,,256 GB,Apple,B/U,Deep Purple
26.2.25,T0232,1) 15 Pro Max,351149515717403,820,Trade-in,,,256 GB,Apple,B/U,Natural Titanium
25.2.25,T0299,1) 16 Pro Max,355011343192637,"1 180,000",Jamol aka B30,,,256 GB,Apple,NEW,Gold
25.2.25,T0172,1) 14 Pro,352624472664664,500,Trade-in,,,256 GB,Apple,B/U,Deep Purple
25.2.25,T0180,1) 14 Pro Max,350997794155484,570,Trade-in,,,128 GB,Apple,B/U,Deep Purple
24.2.25,T0112,1) 13 Pro,352835987688424,510,Odil Trade in mobile,,,256 GB,Apple,B/U,Alphine Green
24.02.25,T0490,1) Iphone 11,353992100730051,150,Trade-in,,,64 GB,,B/U,Black
22.02.25,T0283,1) 16 Pro,355109189230006,"1 110,000",A15 Samandar,,,256 GB,Apple,NEW,Gold
19.02.25,T0237,1) 15 Pro Max,356303480331188,700,Aka Roshan,,,512 GB,Apple,B/U,Black Titanium
18.02.25,T0130,1) 13 Pro Max,356942218934035,565,Aziz  B30,,,256 GB,Apple,B/U,Gold
17.02.25,T0299,1) 16 Pro Max,353995653105142,"1 220,000",A15 Samandar,,,256 GB,Apple,NEW,Gold
14.02.25,T0500,1) 16 Pro,355934723328382,"1 000,000",A15 Samandar,,,128 GB,,NEW,Black Titanium
14.02.25,T0052,1) 12 Pro,356702113182654,250,Aka Roshan,,,256 GB,Apple,B/U,Pacific Blue
13.02.25,T0521,15 pro,358819900014268,720,Odil Trade in mobile,,,128 GB,,B/U,Black
12.02.25,T0297,1) 16 Pro Max,350523893074903,"1 230,000",A15 Samandar,,,256 GB,Apple,NEW,Space Black
12.02.25,T0177,1) 14 Pro Max,357173344945781,640,Mirfozil,,,128 GB,Apple,B/U,Space Black
11.02.25,T0325,3) Air Pods 2 Pro,CPVCYFVDFY,195,A15 Samandar,,,,,,
11.2.25,T0232,1) 15 Pro Max,358472387459679,960,Abdulloh Aka,,,256 GB,Apple,B/U,Natural Titanium
11.2.25,T0215,1) 15 Pro,353864164744460,530,Trade-in,,,256 GB,Apple,B/U,Blue Titanium
10.2.25,T0299,1) 16 Pro Max,357343964109659,"1 220,000",A15 Samandar,,,256 GB,Apple,NEW,Gold
10.2.25,T0500,1) 16 Pro,355934723165271,"1 025,000",A15 Samandar,,,128 GB,,NEW,Black Titanium
10.2.25,T0500,1) 16 Pro,21319,"1 025,000",A15 Samandar,,,128 GB,,NEW,Black Titanium
10.2.25,T0315,1) 15 Pro,353281472104719,670,Trade-in,,,128 GB,Apple,B/U,Natural Titanium
10.2.25,T0315,1) 15 Pro,354324410778100,670,Trade-in,,,128 GB,Apple,B/U,Natural Titanium
9.2.25,T0101,1) 13 Pro,351619853635268,430,Aka Roshan,,,128 GB,Apple,B/U,Sierra Blue
9.2.25,T0161,1) 14 Pro,351553267172487,550,Aka Roshan,,,128 GB,Apple,B/U,Space Black
9.2.25,T0319,1) 12 mini,353005117159584,145,Temur,,,128 GB,,,
8.2.25,T0297,1) 16 Pro Max,352913656599725,"1 220,000",A15 Samandar,,,256 GB,Apple,NEW,Space Black
6.2.25,T0520,2) Iwatch SE Gen 2,H4V96WWX4Y,215,A15 Samandar,,,64 GB,,NEW,Midnight
6.2.25,T0520,2) Iwatch SE Gen 2,J72MDJ9CR4,215,A15 Samandar,,,64 GB,,NEW,Midnight
6.2.25,T0035,1) 12,353054118470509,180,Aka Roshan,,,256 GB,Apple,B/U,Blue
5.2.25,T0232,1) 15 Pro Max,358181354420685,850,Odil Trade in mobile,,,256 GB,Apple,B/U,Natural Titanium
5.2.25,T0121,1) 13 Pro Max,359978125211676,550,Trade-in,,,128 GB,Apple,B/U,Sierra Blue
2.2.25,T0299,1) 16 Pro Max,351421081524699,"1 230,000",A15 Samandar,,,256 GB,Apple,NEW,Gold
2.2.25,T0180,1) 14 Pro Max,357006621192778,530,Mirfozil,,,128 GB,Apple,B/U,Deep Purple
2.2.25,T0188,1) 14 Pro Max,351914966325752,550,Trade-in,,,256 GB,Apple,B/U,Deep Purple
1.2.25,T0300,1) 16 Pro Max,357002330384889,"1 200,000",A15 Samandar,,,256 GB,Apple,NEW,Natural Titanium
1.2.25,T0440,2) Iwatch 10/46  Jet Black,M6GLWTQYGY,400,A15 Samandar,,,128 GB,,NEW,Black
1.2.25,T0519,ipad pro 11-inch m2,WD9CJ9YDXV,890,A15 Samandar,,,256 GB,,NEW,Silver
1.2.25,T0490,1) Iphone 11,352012837369080,160,Aka Roshan,,,64 GB,,B/U,Black
1.2.25,T0504,1) 16 Pro,350059639934472,970,Trade-in,,,128 GB,,NEW,Desert Titanium
31.1.25,T0281,1) 16 Pro,350523895180153,"1 200,000",A15 Samandar,,,256 GB,Apple,NEW,Space Black
31.1.25,T0245,1) 16,359164498412064,790,Jamol aka B30,,,128 GB,Apple,NEW,Black
30.1.25,T0232,1) 15 Pro Max,353104760374630,900,Abdulloh Aka,,,256 GB,Apple,B/U,Natural Titanium
29.1.25,T0281,1) 16 Pro,351385196720262,"1 170,000",A15 Samandar,,,256 GB,Apple,NEW,Space Black
29.1.25,T0283,1) 16 Pro,354553641861018,"1 160,000",A15 Samandar,,,256 GB,Apple,NEW,Gold
29.1.25,T0060,1) 12 Pro Max,351732277996826,410,Abdulloh Aka,,,128 GB,Apple,B/U,Pacific Blue
29.1.25,T0075,1) 13,123456789123456,280,Aka Roshan,,,128 GB,Apple,B/U,Starlight
28.1.25,T0300,1) 16 Pro Max,357002339665304,"1 270,000",Trade-in,,,256 GB,Apple,NEW,Natural Titanium
27.1.25,T0299,1) 16 Pro Max,357988124857835,"1 200,000",Abdufatox Xojakbar,,,256 GB,Apple,NEW,Gold
27.1.25,T0177,1) 14 Pro Max,359236739321195,560,Trade-in,,,128 GB,Apple,B/U,Space Black
26.1.25,T0301,1) 16 Pro Max,351104511364924,"1 190,000",Abdulloh Aka,,,256 GB,Apple,B/U,Space Black
26.1.25,T0518,7) Samsung S25 Ultra,354237926728247,"1 360,000",Abdulloh Aka,,,512 GB,,NEW,Natural Titanium
26.1.25,T0232,1) 15 Pro Max,354694980705984,800,Trade-in,,,256 GB,Apple,B/U,Natural Titanium
25.1.25,T0283,1) 16 Pro,355934721408442,"1 185,000",A15 Samandar,,,256 GB,Apple,NEW,Gold
25.1.25,T0232,1) 15 Pro Max,350069701827629,750,Trade-in,,,256 GB,Apple,B/U,Natural Titanium
25.1.25,T0517,1) 12 mini,353003119965843,120,Trade-in,,,128 GB,,B/U,Blue
24.1.25,T0232,1) 15 Pro Max,351073872281367,900,Abdulloh Aka,,,256 GB,Apple,B/U,Natural Titanium
24.1.25,T0232,1) 15 Pro Max,354650918562509,950,Odil Trade in mobile,,,256 GB,Apple,B/U,Natural Titanium
24.1.25,T0515,7) Samsung S22,351424771925325,260,Temur,,,256 GB,,B/U,Black
24.1.25,T0514,7) Samsung S24 Ultra,352945213160542,910,b8 Abubakr,,,256 GB,,NEW,Black Titanium
20.1.25,T0131,1) 13 Pro Max,355380252725954,580,A15 Samandar,,,256 GB,Apple,B/U,Sierra Blue
20.1.25,T0164,1) 14 Pro,351874300282244,580,A15 Samandar,,,128 GB,Apple,B/U,Deep Purple
20.1.25,T0111,1) 13 Pro,354916450367015,500,Abdulloh Aka,,,256 GB,Apple,B/U,Sierra Blue
20.1.25,T0177,1) 14 Pro Max,358034161145278,670,Abdulloh Aka,,,128 GB,Apple,B/U,Space Black
20.1.25,T0188,1) 14 Pro Max,352221360317362,690,Abdulloh Aka,,,256 GB,Apple,B/U,Deep Purple
20.1.25,T0513,1) 13,352824484817702,420,Abdulloh Aka,,,512 GB,,B/U,Pink
19.1.25,T0231,1) 15 Pro Max,356103508394543,550,Trade-in,,,256 GB,Apple,B/U,Blue Titanium
18.1.25,T0044,1) 12 Pro,356680115219577,240,Mirfozil,,,128 GB,Apple,B/U,Pacific Blue
18.1.25,T0315,1) 15 Pro,358819903683572,560,Trade-in,,,128 GB,Apple,B/U,Natural Titanium
17.1.25,T0297,1) 16 Pro Max,357988126944086,"1 250,000",A15 Samandar,,,256 GB,Apple,NEW,Space Black
16.1.25,T0299,1) 16 Pro Max,350572413211701,"1 220,000",ikromov  bilol,,,256 GB,Apple,NEW,Gold
14.1.25,T0299,1) 16 Pro Max,350108727739192,"1 260,000",Aziz aka b7,,,256 GB,Apple,NEW,Gold
13.1.25,T0299,1) 16 Pro Max,359476734213613,"1 270,000",A15 Samandar,,,256 GB,Apple,NEW,Gold
13.1.25,T0188,1) 14 Pro Max,355216221835971,580,Trade-in,,,256 GB,Apple,B/U,Deep Purple
9.1.25,T0232,1) 15 Pro Max,358759857257652,960,Mirfozil,,,256 GB,Apple,B/U,Natural Titanium
8.1.25,T0292,1) 16 Pro,358409817263024,"1 560,000",Mirfozil,,,512 GB,Apple,NEW,Natural Titanium
7.1.25,T0299,1) 16 Pro Max,357343963019800,"1 280,000",Odil Trade in mobile,,,256 GB,Apple,NEW,Gold
7.1.25,T0299,1) 16 Pro Max,352913652074558,"1 280,000",Odil Trade in mobile,,,256 GB,Apple,NEW,Gold
05.01.25,T0512,1) X,359410086985346,78,Mirfozil,,,64 GB,,B/U,White
05.01.25,T0489,3) AirPods 4 Bez Shum,J5H23KP7KT,130,Trade-in,,,64 GB,,NEW,White
30.12.24,T0299,1) 16 Pro Max,350970409725488,"1 300,000",Mirfozil,,,256 GB,Apple,NEW,Gold
25.12.24,T0172,1) 14 Pro,350060006726228,580,Abdulloh Aka,,,256 GB,Apple,B/U,Deep Purple
19.12.24,T0307,1) 16 Pro Max,351655956381632,"1 550,000",A15 Samandar,,,512 GB,Apple,NEW,Gold
17.12.24,T0299,1) 16 Pro Max,357343961607754,"1 265,000",A15 Samandar,,,256 GB,Apple,NEW,Gold
17.12.24,T0172,1) 14 Pro,350060006726228,500,Trade-in,,,256 GB,Apple,B/U,Deep Purple
15.12.24,T0229,1) 15 Pro Max,359960735108740,900,Trade-in,,,256 GB,Apple,B/U,Black Titanium
15.12.24,T0315,1) 15 Pro,355482473105204,700,Trade-in,,,128 GB,Apple,B/U,Natural Titanium
14.12.24,T0299,1) 16 Pro Max,351655953326507,"1 260,000",Aziz aka b7,,,256 GB,Apple,NEW,Gold
13.12.24,T0307,1) 16 Pro Max,350523892405041,"1 550,000",A15 Samandar,,,512 GB,Apple,NEW,Gold
13.12.24,T0508,1) 16 Pro,354707571270257,950,Mirfozil,,,128 GB,,B/U,Black Titanium
12.12.24,T0162,1) 14 Pro,352816159241127,670,A15 Samandar,,,128 GB,Apple,B/U,Deep Purple
12.12.24,T0299,1) 16 Pro Max,359476730142741,"1 250,000",A15 Samandar,,,256 GB,Apple,NEW,Gold
12.12.24,T0307,1) 16 Pro Max,356415750104564,"1 550,000",A15 Samandar,,,512 GB,Apple,NEW,Gold
12.12.24,T0326,3) Airpods 2,H3KN5FQTLX2Y,90,A15 Samandar,,,,,,
12.12.24,T0101,1) 13 Pro,350165058159721,350,Mirfozil,,,128 GB,Apple,B/U,Sierra Blue
12.12.24,T0315,1) 15 Pro,350623501583996,700,Mirfozil,,,128 GB,Apple,B/U,Natural Titanium
12.12.24,T0500,1) 16 Pro,354707571030537,"1 000,000",Trade-in,,,128 GB,,NEW,Black Titanium
11.12.24,T0299,1) 16 Pro Max,357121288093969,"1 245,000",Aziz aka b7,,,256 GB,Apple,NEW,Gold
11.12.24,T0299,1) 16 Pro Max,351655953223811,"1 245,000",Aziz aka b7,,,256 GB,Apple,NEW,Gold
11.12.24,T0130,1) 13 Pro Max,356370164756642,580,Mirfozil,,,256 GB,Apple,B/U,Gold
09.12.24,T0297,1) 16 Pro Max,354760241731869,"1 250,000",Aziz aka b7,,,256 GB,Apple,NEW,Space Black
09.12.24,T0041,1) 12 Pro,356701113314861,300,Trade-in,,,128 GB,Apple,B/U,Graphite
09.12.24,T0232,1) 15 Pro Max,354550165709946,840,abdulloh probox,,,256 GB,Apple,B/U,Natural Titanium
07.12.24,T0188,1) 14 Pro Max,357711917091341,700,BBB Saman svoy,,,256 GB,Apple,B/U,Deep Purple
06.12.24,T0188,1) 14 Pro Max,357006629582749,670,Mirfozil,,,256 GB,Apple,B/U,Deep Purple
03.12.24,T0121,1) 13 Pro Max,350566109570099,520,Trade-in,,,128 GB,Apple,B/U,Sierra Blue
02.12.24,T0440,2) Iwatch 10/46  Jet Black,FN0GH7C6QJ,440,A15 Samandar,,,128 GB,,NEW,Black
02.12.24,T0509,7) Samsung S23+,352496801546031,500,Temur,,,256 GB,,B/U,Black
01.12.24,T0504,1) 16 Pro,351385192492064,"1 100,000",A15 Samandar,,,128 GB,,NEW,Desert Titanium
01.12.24,T0510,(7) samsung s22 ultra b/u,355476620636335,480,A15 Samandar,,,256 GB,,B/U,Black
01.12.24,T0299,1) 16 Pro Max,357343961028126,"1 220,000",Trade-in,,,256 GB,Apple,NEW,Gold
30.11.24,T0299,1) 16 Pro Max,353324833034231,"1 300,000",A15 Samandar,,,256 GB,Apple,NEW,Gold
30.11.24,T0440,2) Iwatch 10/46  Jet Black,JN1XL4XKYL,435,A15 Samandar,,,128 GB,,NEW,Black
30.11.24,T0445,2) Iwatch 10/46 Rose Gold,L412D4WTXD,400,A15 Samandar,,,64 GB,Apple,NEW,Gold
30.11.24,T0299,1) 16 Pro Max,358798960355656,"1 265,000",Aziz aka b7,,,256 GB,Apple,NEW,Gold
30.11.24,T0498,2) Iwatch Ultra 1,L9KYXHYWLH,280,Trade-in,,,64 GB,,B/U,Green
29.11.24,T0497,1) 11 Pro Max,353899108153071,150,Mirfozil,,,64 GB,,B/U,Green
29.11.24,T0331,5) MacBook Air M2 8/256,C02ZF164LYWL,470,abdulloh probox,,,,,,
28.11.24,T0131,1) 13 Pro Max,359272530856600,500,Trade-in,,,256 GB,Apple,B/U,Sierra Blue
28.11.24,T0499,8) Redmi Note 13 pro,867469078515800,210,b8 Abubakr,,,256 GB,,NEW,Black
28.11.24,T0499,8) Redmi Note 13 pro,867469078365581,210,b8 Abubakr,,,256 GB,,NEW,Black
27.11.24,T0262,1) 16 Plus,358922370955950,990,A15 Samandar,,,128 GB,Apple,NEW,Teal
27.11.24,T0282,1) 16 Pro,353446780445399,"1 200,000",A15 Samandar,,,256 GB,Apple,NEW,White Titanium
27.11.24,T0299,1) 16 Pro Max,351655952731723,"1 260,000",A15 Samandar,,,256 GB,Apple,NEW,Gold
27.11.24,T0299,1) 16 Pro Max,357002332221899,"1 260,000",A15 Samandar,,,256 GB,Apple,NEW,Gold
27.11.24,T0180,1) 14 Pro Max,351914966325752,600,Trade-in,,,128 GB,Apple,B/U,Deep Purple
27.11.24,T0496,Samsung Tab S9 5G,353439961622704,610,b8 Abubakr,,,128 GB,,NEW,Graphite
26.11.24,T0325,3) Air Pods 2 Pro,L67N14L5WN,205,A15 Samandar,,,,,,
26.11.24,T0445,Iwatch 10/46 Rose Gold,JNPR4RQG4K,410,Bahrom B14,,,64 GB,Apple,NEW,Gold
26.11.24,T0232,1) 15 Pro Max,351073871076867,790,Trade-in,,,256 GB,Apple,B/U,Natural Titanium
25.11.24,T0190,15,359626458270823,720,A15 Samandar,,,128 GB,Apple,NEW,Blue
25.11.24,T0225,15 Pro Max,356876529534334,"1 150,000",A15 Samandar,,,256 GB,Apple,NEW,Natural Titanium
25.11.24,T0299,16 Pro Max,357002335619248,"1 260,000",A15 Samandar,,,256 GB,Apple,NEW,Gold
25.11.24,T0313,15 Pro,355551414720758,960,A15 Samandar,,,128 GB,Apple,NEW,Natural Titanium
25.11.24,T0494,Samsung Zflip 6,353936440618310,720,A15 Samandar,,,256 GB,,NEW,Blue
25.11.24,T0331,MacBook Air M2 8/256,FN2VJL4C2W,830,Jamol aka B30,,,,,,
25.11.24,T0232,15 Pro Max,351073873464483,855,abdulloh probox,,,256 GB,Apple,B/U,Natural Titanium
24.11.24,T0299,16 Pro Max,351037793709434,"1 285,000",A15 Samandar,,,256 GB,Apple,NEW,Gold
24.11.24,T0492,16 Pro Max Desert Titanium,358798965344762,"1 700,000",A15 Samandar,,,1 TB,,NEW,Desert Titanium
24.11.24,T0491,Watch 10 46mm Milanese,J39DW7X3YD,950,Bahrom B14,,,64 GB,,NEW,Natural Titanium
23.11.24,T0185,14 Pro Max,358165601123754,800,Mirfozil,,,256 GB,Apple,B/U,Space Black
22.11.24,T0283,16 Pro,353446788012555,"1 200,000",Aziz aka b7,,,256 GB,Apple,NEW,Gold
22.11.24,T0297,16 Pro Max,353324837827010,"1 300,000",Aziz aka b7,,,256 GB,Apple,NEW,Space Black
22.11.24,T0313,15 Pro,353233952934867,990,Aziz aka b7,,,128 GB,Apple,NEW,Natural Titanium
21.11.24,T0318,Samsung S24,353437178024797,870,b8 Abubakr,,,,,,
20.11.24,T0297,16 Pro Max,350970408819423,"1 330,000",Aziz aka b7,,,256 GB,Apple,NEW,Space Black
20.11.24,T0490,Iphone 11,353992100280024,200,Xasanov Ahmadjon,,,64 GB,,B/U,Black
20.11.24,T0122,13 Pro Max,359836510329919,620,abdulloh probox,,,128 GB,Apple,B/U,Alphine Green
20.11.24,T0128,13 Pro Max,356189752226622,650,abdulloh probox,,,256 GB,Apple,B/U,Graphite
20.11.24,T0232,15 Pro Max,356677410842608,990,abdulloh probox,,,256 GB,Apple,B/U,Natural Titanium
19.11.24,T0489,AirPods 4 Bez Shum,HXT9GKFHTV,150,Mirfozil,,,64 GB,,NEW,White
17.11.24,T0297,16 Pro Max,358798968438157,"1 340,000",A15 Samandar,,,256 GB,Apple,NEW,Space Black
17.11.24,T0229,15 Pro Max,354449440843721,750,Trade-in,,,256 GB,Apple,B/U,Black Titanium
16.11.24,T0297,16 Pro Max,353911403347033,"1 340,000",Aziz aka b7,,,256 GB,Apple,NEW,Space Black
16.11.24,T0060,12 Pro Max,359735198005348,350,Trade-in,,,128 GB,Apple,B/U,Pacific Blue
16.11.24,T0487,Samsung S24 Ultra,353607434042730,980,b8 Abubakr,,,512 GB,,NEW,Black
14.11.24,T0297,16 Pro Max,358798966053511,"1 300,000",Aziz aka b7,,,256 GB,Apple,NEW,Space Black
14.11.24,T0078,13,357774332338283,350,Mirfozil,,,128 GB,Apple,B/U,Pink
14.11.24,T0230,15 Pro Max,358759857265572,"1 020,000",Mirfozil,,,256 GB,Apple,B/U,White Titanium
14.11.24,T0229,15 Pro Max,350717691841071,800,Trade-in,,,256 GB,Apple,B/U,Black Titanium
14.11.24,T0131,13 Pro Max,356796488919070,640,abdulloh probox,,,256 GB,Apple,B/U,Sierra Blue
13.11.24,T0299,16 Pro Max,354267951568655,"1 300,000",Aziz aka b7,,,256 GB,Apple,NEW,Gold
13.11.24,T0178,14 Pro Max,356200545476646,600,Trade-in,,,128 GB,Apple,B/U,Silver
12.11.24,T0445,Iwatch 10/46 Rose Gold,CWCC29Q2FQ,410,A15 Samandar,,,64 GB,Apple,NEW,Gold
12.11.24,T0188,14 Pro Max,1111,650,Trade-in,,,256 GB,Apple,B/U,Deep Purple
12.11.24,T0177,14 Pro Max,359056819636597,710,abdulloh probox,,,128 GB,Apple,B/U,Space Black
11.11.24,T0444,Iwatch 10/42 rose gold NEW,DVX30G07F6,390,A15 Samandar,,,64 GB,,NEW,Gold
11.11.24,T0299,16 Pro Max,350970409697513,"1 300,000",Aziz aka b7,,,256 GB,Apple,NEW,Gold
11.11.24,T0299,16 Pro Max,353911404784341,"1 300,000",Aziz aka b7,,,256 GB,Apple,NEW,Gold
10.11.24,T0299,16 Pro Max,353911402484944,"1 300,000",Aziz aka b7,,,256 GB,Apple,NEW,Gold
10.11.24,T0307,16 Pro Max,351037797808364,"1 530,000",Aziz aka b7,,,512 GB,Apple,NEW,Gold
10.11.24,T0216,15 Pro,353554800239674,780,Trade-in,,,256 GB,Apple,B/U,Natural Titanium
10.11.24,T0229,15 Pro Max,359824375909215,870,Trade-in,,,256 GB,Apple,B/U,Black Titanium
08.11.24,T0316,15 Pro,355675801810615,750,Trade-in,,,128 GB,Apple,B/U,Blue Titanium
06.11.24,T0299,16 Pro Max,358798960682836,"1 330,000",Aziz aka b7,,,256 GB,Apple,NEW,Gold
06.11.24,T0232,15 Pro Max,357300543156502,930,Trade-in,,,256 GB,Apple,B/U,Natural Titanium
06.11.24,T0216,15 Pro,353946319976699,820,abdulloh probox,,,256 GB,Apple,B/U,Natural Titanium
06.11.24,T0232,15 Pro Max,359473640527772,"1 020,000",abdulloh probox,,,256 GB,Apple,B/U,Natural Titanium
06.11.24,T0312,16 Pro Max,350331588063870,"1 110,000",b8 Abubakr,,,512 GB,Apple,B/U,Natural Titanium
05.11.24,T0225,15 Pro Max,359779345876953,"1 170,000",Aziz aka b7,,,256 GB,Apple,NEW,Natural Titanium
05.11.24,T0179,14 Pro Max,358457888996824,730,Trade-in,,,128 GB,Apple,B/U,Gold
31.10.24,T0298,16 Pro Max,357666532021364,"1 380,000",Aziz aka b7,,,256 GB,Apple,NEW,White Titanium
24.10.24,T0228,15 Pro Max,358181355817582,"1 200,000",Aziz aka b7,,,256 GB,Apple,NEW,Natural Titanium
19.10.24,T0322,iWatch 9 45 mm,D5FXKWVVNL,340,Bahrom B14,,,,,B/U,Teal
19.10.24,T0229,15 Pro Max,352847945256772,850,Temur,,,256 GB,Apple,B/U,Black Titanium
17.10.24,T0319,12 mini,353003119965843,100,Mirfozil,,,128 GB,,,
16.10.24,T0216,15 Pro,351135560125774,800,Trade-in,,,256 GB,Apple,B/U,Natural Titanium
16.10.24,T0232,15 Pro Max,354650913539643,"1 000,000",Trade-in,,,256 GB,Apple,B/U,Natural Titanium
15.10.24,T0212,15 Pro,352603485344936,990,Mirfozil,,,256 GB,Apple,NEW,Natural Titanium
15.10.24,T0212,15 Pro,350028622607536,"1 110,000",Mirfozil,,,256 GB,Apple,NEW,Natural Titanium
14.10.24,T0299,16 Pro Max,357196590684077,"1 500,000",A15 Samandar,,,256 GB,Apple,NEW,Gold
14.10.24,T0299,16 Pro Max,357196598382484,"1 500,000",A15 Samandar,,,256 GB,Apple,NEW,Gold
14.10.24,T0299,16 Pro Max,357728263822301,"1 500,000",A15 Samandar,,,256 GB,Apple,NEW,Gold
14.10.24,T0130,13 Pro Max,351619856659554,570,Mirfozil,,,256 GB,Apple,B/U,Gold
13.10.24,T0299,16 Pro Max,357196599991465,"1 500,000",A15 Samandar,,,256 GB,Apple,NEW,Gold
12.10.24,T0212,15 Pro,351858379060243,"1 240,000",A15 Samandar,,,256 GB,Apple,NEW,Natural Titanium
12.10.24,T0228,15 Pro Max,356388817908048,"1 200,000",Aziz aka b7,,,256 GB,Apple,NEW,Natural Titanium
11.10.24,T0179,14 Pro Max,353704414314807,800,A15 Samandar,,,128 GB,Apple,B/U,Gold
11.10.24,T0007,12,353719575882152,200,Trade-in,,,64 GB,Apple,B/U,Black
11.10.24,T0140,14,355348893256945,400,Trade-in,,,128 GB,Apple,B/U,Starlight
10.10.24,T0227,15 Pro Max,357300549170168,"1 200,000",A15 Samandar,,,256 GB,Apple,NEW,Blue Titanium
10.10.24,T0057,12 Pro Max,359735196581803,370,Agzamov Oybek,,,128 GB,Apple,B/U,Graphite
07.10.24,T0227,15 Pro Max,351858379216670,"1 190,000",A15 Samandar,,,256 GB,Apple,NEW,Blue Titanium
07.10.24,T0228,15 Pro Max,358759855731567,"1 190,000",A15 Samandar,,,256 GB,Apple,NEW,Natural Titanium
07.10.24,T0228,15 Pro Max,354950993401205,"1 190,000",A15 Samandar,,,256 GB,Apple,NEW,Natural Titanium
07.10.24,T0299,16 Pro Max,351889723122447,"1 500,000",A15 Samandar,,,256 GB,Apple,NEW,Gold
07.10.24,T0228,15 Pro Max,350727307163877,"1 185,000",Aziz aka b7,,,256 GB,Apple,NEW,Natural Titanium
06.10.24,T0228,15 Pro Max,350091878663207,"1 170,000",A15 Samandar,,,256 GB,Apple,NEW,Natural Titanium
05.10.24,T0299,16 Pro Max,359340246743071,"1 570,000",A15 Samandar,,,256 GB,Apple,NEW,Gold
05.10.24,T0314,15 Pro,354781547900776,980,A15 Samandar,,,128 GB,Apple,NEW,Blue Titanium
03.10.24,T0281,16 Pro,352273243736607,"1 415,000",A15 Samandar,,,256 GB,Apple,NEW,Space Black
03.10.24,T0318,Samsung S24,353437178608722,900,A15 Samandar,,,,,,
02.10.24,T0228,15 Pro Max,350814295055123,"1 160,000",A15 Samandar,,,256 GB,Apple,NEW,Natural Titanium
01.10.24,T0101,13 Pro,350283164922534,565,Mirfozil,,,128 GB,Apple,B/U,Sierra Blue
30.09.24,T0228,15 Pro Max,354650918562509,"1 200,000",Mirfozil,,,256 GB,Apple,NEW,Natural Titanium
30.09.24,T0308,16 Pro Max,359737304595923,"1 600,000",Mirfozil,,,512 GB,Apple,NEW,Natural Titanium
29.09.24,T0298,16 Pro Max,359737304346715,"1 650,000",A15 Samandar,,,256 GB,Apple,NEW,White Titanium
29.09.24,T0299,16 Pro Max,357492413018159,"1 680,000",A15 Samandar,,,256 GB,Apple,NEW,Gold
29.09.24,T0111,13 Pro,398937,585,Mirfozil,,,256 GB,Apple,B/U,Sierra Blue
29.09.24,T0231,15 Pro Max,835853,"1 035,000",Mirfozil,,,256 GB,Apple,B/U,Blue Titanium
29.09.24,T0099,13 Pro,353990994944119,420,Trade-in,,,128 GB,Apple,B/U,Silver
28.09.24,T0285,16 Pro,358579640535325,"1 440,000",A15 Samandar,,,256 GB,Apple,B/U,Space Black
28.09.24,T0298,16 Pro Max,358701815484846,"1 640,000",A15 Samandar,,,256 GB,Apple,NEW,White Titanium
28.09.24,T0007,12,354696408568357,280,Abrorova Nilufar Hoshimova,,,64 GB,Apple,B/U,Black
28.09.24,T0232,15 Pro Max,358066149255498,"1 050,000",Agzamov Oybek,,,256 GB,Apple,B/U,Natural Titanium
28.09.24,T0162,14 Pro,355960227323033,580,Mirfozil,,,128 GB,Apple,B/U,Deep Purple
28.09.24,T0172,14 Pro,357442885299357,660,Mirfozil,,,256 GB,Apple,B/U,Deep Purple
26.09.24,T0172,14 Pro,358287292388551,660,Trade-in,,,256 GB,Apple,B/U,Deep Purple
19.09.24,T0041,12 Pro,354009843407720,310,Trade-in,,,128 GB,Apple,B/U,Graphite
19.09.24,T0228,15 Pro Max,359473646316022,"1 190,000",aka Siroj,,,256 GB,Apple,NEW,Natural Titanium
09.09.24,T0228,15 Pro Max,350717693279510,"1 080,000",Temur,,,256 GB,Apple,NEW,Natural Titanium
08.09.24,T0225,15 Pro Max,355458125971037,"1 205,000",Aziz B9,,,256 GB,Apple,NEW,Natural Titanium
08.09.24,T0185,14 Pro Max,353843243113137,730,Trade-in,,,256 GB,Apple,B/U,Space Black
07.09.24,T0228,15 Pro Max,359473648368120,"1 190,000",Mirfozil,,,256 GB,Apple,NEW,Natural Titanium
07.09.24,T0188,14 Pro Max,351914963098410,800,Temur,,,256 GB,Apple,B/U,Deep Purple
07.09.24,T0313,15 Pro,357734402249927,930,Temur,,,128 GB,Apple,NEW,Natural Titanium
06.09.24,T0335,iWatch 9 45 mm,C33TCQ3X49,290,Aziz B30,,,,,,
06.09.24,T0322,iWatch 9 45 mm,WPWVJP2W9V,195,Bahrom B14,,,,,B/U,Teal
06.09.24,T0324,AirPods 3,G795K743L2,145,Bahrom B14,,,,,,
05.09.24,T0188,14 Pro Max,350089111401724,810,Temur,,,256 GB,Apple,B/U,Deep Purple
05.09.24,T0180,14 Pro Max,359236732265225,760,oyinchoq qoshni,,,128 GB,Apple,B/U,Deep Purple
03.09.24,T0331,MacBook Air M2 8/256,CWMXV4NP4G,840,A.Yusuf Baxodir,,,,,,
03.09.24,T0164,14 Pro,357752760634142,710,Aziz  B30,,,128 GB,Apple,B/U,Deep Purple
03.09.24,T0060,12 Pro Max,351330887775852,520,Aziz B30,,,128 GB,Apple,B/U,Pacific Blue
03.09.24,T0164,14 Pro,353780672649746,720,Aziz B30,,,128 GB,Apple,B/U,Deep Purple
03.09.24,T0184,14 Pro Max,354828359653694,720,Aziz B30,,,256 GB,Apple,NEW,Deep Purple
03.09.24,T0317,12 Pro Max,354506127912457,540,Aziz B30,,,512 GB,Apple,B/U,Pacific Blue
03.09.24,T0228,15 Pro Max,354653149748558,"1 205,000",Aziz aka b7,,,256 GB,Apple,NEW,Natural Titanium
03.09.24,T0330,iPad mini 6,QFOX4RW6CC,320,B44,,,64 GB,,,Pink
03.09.24,T0332,MacBook Pro M1 8/256,FVFG9PVKQ05D,620,B44,,,,,,
03.09.24,T0333,iPad Pro 11 inch,H79XD1HPKY,720,B44,,,128 GB,,,Silver
03.09.24,T0121,13 Pro Max,353869220644224,610,Bahrom B14,,,128 GB,Apple,B/U,Sierra Blue
03.09.24,T0321,Apple Watch Ultra 2 49mm Titanium Blue Ocean Band,JJ79MH2496,730,Bahrom B14,,,,Apple,,Blue Titanium
03.09.24,T0322,iWatch 9 45 mm,MXLQ2W4X3V,355,Bahrom B14,,,,,B/U,Teal
03.09.24,T0322,iWatch 9 45 mm,JLQCW34QKN,350,Bahrom B14,,,,,B/U,Teal
03.09.24,T0324,AirPods 3,C3243Q31Y5,145,Bahrom B14,,,,,,
03.09.24,T0325,Air Pods 2 Pro,HQ24X2NR71,195,Bahrom B14,,,,,,
03.09.24,T0327,AirPods 1,H3PLD39GLX2Y,95,Bahrom B14,,,,,,
03.09.24,T0328,iWatch 9 41 mm,DQFL95469P,330,Bahrom B14,,,,,,Starlight
03.09.24,T0329,iWatch 8 45 mm,CY379GV4KQ,330,Bahrom B14,,,,Iphone,NEW,Starlight
03.09.24,T0052,12 Pro,355951522043780,420,Baxtika A31,,,256 GB,Apple,B/U,Pacific Blue
03.09.24,T0101,13 Pro,351150162877045,590,Baxtika A31,,,128 GB,Apple,B/U,Sierra Blue
03.09.24,T0228,15 Pro Max,350717690199166,"1 090,000",Baxtika A31,,,256 GB,Apple,NEW,Natural Titanium
03.09.24,T0232,15 Pro Max,358525990967550,"1 110,000",Baxtika A31,,,256 GB,Apple,B/U,Natural Titanium
03.09.24,T0315,15 Pro,359370797852260,920,Baxtika A31,,,128 GB,Apple,B/U,Natural Titanium
03.09.24,T0315,15 Pro,355721796004093,880,Baxtika A31,,,128 GB,Apple,B/U,Natural Titanium
03.09.24,T0192,15,355146386548590,735,Fayzi b27,,,128 GB,Apple,NEW,Pink
03.09.24,T0101,13 Pro,351150162517195,660,Husan B7,,,128 GB,Apple,B/U,Sierra Blue
03.09.24,T0168,14 Pro,359869455257662,760,Husan B7,,,256 GB,Apple,NEW,Deep Purple
03.09.24,T0315,15 Pro,353554809809030,820,Ibrohim Probox,,,128 GB,Apple,B/U,Natural Titanium
03.09.24,T0180,14 Pro Max,354064852215944,900,Javohir,,,128 GB,Apple,B/U,Deep Purple
03.09.24,T0228,15 Pro Max,358181352877936,"1 030,000",Javohir,,,256 GB,Apple,NEW,Natural Titanium
03.09.24,T0232,15 Pro Max,355235161485100,"1 030,000",Malika,,,256 GB,Apple,B/U,Natural Titanium
03.09.24,T0068,12 Pro Max,357763866855598,520,Mirfozil,,,256 GB,Apple,B/U,Pacific Blue
03.09.24,T0131,13 Pro Max,358074298932370,680,Mirfozil,,,256 GB,Apple,B/U,Sierra Blue
03.09.24,T0228,15 Pro Max,358560159205021,"1 030,000",Mirfozil,,,256 GB,Apple,NEW,Natural Titanium
03.09.24,T0121,13 Pro Max,356796488642839,670,Temur,,,128 GB,Apple,B/U,Sierra Blue
03.09.24,T0101,13 Pro,354226991247845,530,Trade-in,,,128 GB,Apple,B/U,Sierra Blue
03.09.24,T0315,15 Pro,353281479505108,920,abdulloh probox,,,128 GB,Apple,B/U,Natural Titanium
31.08.24,T0316,15 Pro,357662987685175,920,Temur,,,128 GB,Apple,B/U,Blue Titanium
29.08.24,T0181,14 Pro Max,355281436427113,910,Abdulloh Aka,,,256 GB,Apple,NEW,Space Black
29.08.24,T0184,14 Pro Max,359761974844544,820,Javohir,,,256 GB,Apple,NEW,Deep Purple
29.08.24,T0180,14 Pro Max,358457889303186,800,Temur,,,128 GB,Apple,B/U,Deep Purple
29.08.24,T0228,15 Pro Max,354694989421062,"1 235,000",abdulloh probox,,,256 GB,Apple,NEW,Natural Titanium
27.08.24,T0212,15 Pro,350496353355569,"1 120,000",Jamol aka B30,,,256 GB,Apple,NEW,Natural Titanium
27.08.24,T0103,13 Pro,359663604584070,560,Temur,,,256 GB,Apple,NEW,Graphite
26.08.24,T0096,13 Pro,350283164922534,565,Aziz B30,,,128 GB,Apple,NEW,Sierra Blue
26.08.24,T0228,15 Pro Max,354653146984610,"1 150,000",Aziz aka b7,,,256 GB,Apple,NEW,Natural Titanium
26.08.24,T0185,14 Pro Max,355281436154386,810,Baxtika A31,,,256 GB,Apple,B/U,Space Black
26.08.24,T0313,15 Pro,355363462283840,960,Fayzi b27,,,128 GB,Apple,NEW,Natural Titanium
26.08.24,T0314,15 Pro,353553416158450,960,Fayzi b27,,,128 GB,Apple,NEW,Blue Titanium
26.08.24,T0228,15 Pro Max,354650918544531,"1 230,000",Jamol aka B30,,,256 GB,Apple,NEW,Natural Titanium
26.08.24,T0176,14 Pro Max,354064855717375,800,Mirfozil,,,128 GB,Apple,NEW,Deep Purple
23.08.24,T0236,15 Pro Max,359824377467725,"1 270,000",Aziz B30,,,512 GB,Apple,NEW,Natural Titanium
23.08.24,T0228,15 Pro Max,355458124189425,"1 140,000",Aziz aka b7,,,256 GB,Apple,NEW,Natural Titanium
23.08.24,T0325,Air Pods 2 Pro,HTGMY9W5OQ,195,Bahrom B14,,,,,,
23.08.24,T0325,Air Pods 2 Pro,D93KQ4NCYY,195,Bahrom B14,,,,,,
23.08.24,T0325,Air Pods 2 Pro,GC4WWH76NY,195,Bahrom B14,,,,,,
23.08.24,T0325,Air Pods 2 Pro,123456789bdshbvdboq,195,Bahrom B14,,,,,,
23.08.24,T0326,Airpods 2,H3RMDDE1LX2Y,95,Bahrom B14,,,,,,
23.08.24,T0045,12 Pro,4017,425,Baxtika A31,,,256 GB,Apple,NEW,Graphite
23.08.24,T0096,13 Pro,352544475097961,565,Baxtika A31,,,128 GB,Apple,NEW,Sierra Blue
23.08.24,T0117,13 Pro Max,353240582013772,650,Baxtika A31,,,128 GB,Apple,NEW,Alphine Green
23.08.24,T0126,13 Pro Max,355320904986380,630,Baxtika A31,,,256 GB,Apple,NEW,Sierra Blue
23.08.24,T0209,15 Pro,351080470266633,900,Baxtika A31,,,256 GB,Apple,NEW,Black Titanium
23.08.24,T0055,12 Pro Max,353730392319807,390,Doniyor Aka Orom,,,128 GB,Apple,NEW,Gold
23.08.24,T0029,12,353054118470509,300,Mirfozil,,,256 GB,Apple,NEW,Blue
23.08.24,T0096,13 Pro,350367279197585,540,Mirfozil,,,128 GB,Apple,NEW,Sierra Blue
22.08.24,T0115,13 Pro Max,354941731587355,655,Aziz B30,,,128 GB,Apple,NEW,Gold
22.08.24,T0228,15 Pro Max,356876525988823,"1 180,000",Aziz aka b7,,,256 GB,Apple,NEW,Natural Titanium
22.08.24,T0324,AirPods 3,MG07665VQW,145,Bahrom B14,,,,,,
22.08.24,T0103,13 Pro,355196751162832,585,Baxtika A31,,,256 GB,Apple,NEW,Graphite
22.08.24,T0115,13 Pro Max,350566104261900,670,Baxtika A31,,,128 GB,Apple,NEW,Gold
22.08.24,T0225,15 Pro Max,354242630395143,"1 025,000",Baxtika A31,,,256 GB,Apple,NEW,Natural Titanium
22.08.24,T0228,15 Pro Max,358759858441255,"1 025,000",Baxtika A31,,,256 GB,Apple,NEW,Natural Titanium
22.08.24,T0313,15 Pro,355721794653008,830,Malika,,,128 GB,Apple,NEW,Natural Titanium
22.08.24,T0228,15 Pro Max,356642155040203,"1 160,000",Mirfozil,,,256 GB,Apple,NEW,Natural Titanium
22.08.24,T0313,15 Pro,355721791475892,790,Mirfozil,,,128 GB,Apple,NEW,Natural Titanium
21.08.24,T0056,12 Pro Max,3577761753889547,490,Aziz B30,,,128 GB,Apple,NEW,Pacific Blue
21.08.24,T0176,14 Pro Max,351088763979754,780,Aziz B30,,,128 GB,Apple,NEW,Deep Purple
21.08.24,T0176,14 Pro Max,352192203321020,750,Aziz B30,,,128 GB,Apple,NEW,Deep Purple
21.08.24,T0322,iWatch 9 45 mm,KWJM6DYR50,350,Bahrom B14,,,,,B/U,Teal
21.08.24,T0126,13 Pro Max,353997891031353,680,Baxtika A31,,,256 GB,Apple,NEW,Sierra Blue
21.08.24,T0165,14 Pro,358047327320031,720,Baxtika A31,,,256 GB,Apple,NEW,Space Black
21.08.24,T0228,15 Pro Max,353104768730924,995,Baxtika A31,,,256 GB,Apple,NEW,Natural Titanium
21.08.24,T0314,15 Pro,356927171571726,860,Baxtika A31,,,128 GB,Apple,NEW,Blue Titanium
21.08.24,T0313,15 Pro,350534770777500,940,Fayzi b27,,,128 GB,Apple,NEW,Natural Titanium
21.08.24,T0228,15 Pro Max,350727305522348,"1 160,000",Mirfozil,,,256 GB,Apple,NEW,Natural Titanium
21.08.24,T0323,Samsung A55,352053266133676,350,Orizor xusan,,,,,,
21.08.24,T0157,14 Pro,354256834777294,600,Trade-in,,,128 GB,Apple,NEW,Space Black
20.08.24,T0322,iWatch 9 45 mm,K6QDQ6726K,345,Bahrom B14,,,,,B/U,Teal
18.08.24,T0157,14 Pro,351553267172487,720,Aziz B30,,,128 GB,Apple,NEW,Space Black
18.08.24,T0320,13 mini,354852523342604,380,Aziz B30,,,128 GB,Apple,B/U,Midnight
18.08.24,T0228,15 Pro Max,354950992396224,"1 180,000",Aziz aka b7,,,256 GB,Apple,NEW,Natural Titanium
18.08.24,T0228,15 Pro Max,354242633572078,"1 135,000",Aziz aka b7,,,256 GB,Apple,NEW,Natural Titanium
18.08.24,T0321,Apple Watch Ultra 2 49mm Titanium Blue Ocean Band,DKGP32C172,560,B44,,,,Apple,,Blue Titanium
18.08.24,T0096,13 Pro,359664979207645,565,Baxtika A31,,,128 GB,Apple,NEW,Sierra Blue
18.08.24,T0125,13 Pro Max,357782726263199,670,Baxtika A31,,,256 GB,Apple,NEW,Gold
18.08.24,T0225,15 Pro Max,354242632174363,"1 035,000",Baxtika A31,,,256 GB,Apple,NEW,Natural Titanium
18.08.24,T0227,15 Pro Max,354449447202996,"1 200,000",Fayzi b27,,,256 GB,Apple,NEW,Blue Titanium
18.08.24,T0228,15 Pro Max,358797335725254,"1 140,000",Fayzi b27,,,256 GB,Apple,NEW,Natural Titanium
18.08.24,T0160,14 Pro,353584655133151,665,Mirfozil,,,128 GB,Apple,NEW,Deep Purple
18.08.24,T0056,12 Pro Max,356732113703191,440,Temur,,,128 GB,Apple,NEW,Pacific Blue
18.08.24,T0095,13 Pro,351228765104262,460,Trade-in,,,128 GB,Apple,NEW,Gold
17.08.24,T0313,15 Pro,353281471638998,870,Aziz aka b7,,,128 GB,Apple,NEW,Natural Titanium
17.08.24,T0096,13 Pro,356649158513998,585,Baxtika A31,,,128 GB,Apple,NEW,Sierra Blue
17.08.24,T0123,13 Pro Max,358649252848215,620,Baxtika A31,,,256 GB,Apple,NEW,Graphite
17.08.24,T0168,14 Pro,350585881596478,710,Baxtika A31,,,256 GB,Apple,NEW,Deep Purple
17.08.24,T0180,14 Pro Max,352459259195339,830,Baxtika A31,,,128 GB,Apple,B/U,Deep Purple
17.08.24,T0212,15 Pro,355482477578908,"1 040,000",Fayzi b27,,,256 GB,Apple,NEW,Natural Titanium
17.08.24,T0225,15 Pro Max,350814295376420,"1 200,000",Fayzi b27,,,256 GB,Apple,NEW,Natural Titanium
17.08.24,T0318,Samsung S24,356663764568759,630,Hamidulloh aka,,,,,,
17.08.24,T0313,15 Pro,355663602627859,"1 010,000",Jamol aka B30,,,128 GB,Apple,NEW,Natural Titanium
17.08.24,T0228,15 Pro Max,356836324017117,"1 140,000",Mirfozil,,,256 GB,Apple,NEW,Natural Titanium
17.08.24,T0228,15 Pro Max,355458124000671,"1 135,000",Mirfozil,,,256 GB,Apple,NEW,Natural Titanium
17.08.24,T0319,12 mini,357855860265079,245,Mirfozil,,,128 GB,,,
17.08.24,T0081,13,352824483427750,370,Temur,,,256 GB,Apple,NEW,Starlight
15.08.24,T0228,15 Pro Max,355458125593260,"1 160,000",Temur,,,256 GB,Apple,NEW,Natural Titanium
14.08.24,T0212,15 Pro,358819900496176,880,Mirfozil,,,256 GB,Apple,NEW,Natural Titanium
13.08.24,T0231,15 Pro Max,359824372197202,"1 025,000",Mirfozil,,,256 GB,Apple,B/U,Blue Titanium